Stkcd,Size,BM,OP,INV
1,B,c,b,c
2,B,c,c,c
4,A,b,a,c
5,A,b,b,a
6,B,c,c,c
7,A,a,c,a
8,B,b,b,c
9,B,b,b,b
10,A,c,c,c
11,B,c,c,c
12,B,c,b,a
14,A,b,a,b
16,B,c,a,c
17,A,a,a,a
19,A,c,b,b
20,A,a,a,a
21,B,b,b,c
23,A,b,c,b
25,B,a,c,a
26,B,b,b,b
27,B,c,b,c
28,B,b,b,c
30,B,b,c,b
31,B,c,c,c
32,B,a,b,b
34,B,c,c,c
35,B,c,b,c
36,B,c,c,b
37,B,b,a,a
38,A,b,a,a
39,B,c,b,b
40,A,c,a,a
42,B,c,c,a
45,A,b,a,a
46,B,c,b,a
48,B,a,c,c
49,B,b,c,a
50,B,c,a,b
55,A,c,b,b
56,A,c,a,a
58,B,b,b,a
59,B,c,b,a
60,B,b,b,b
61,B,c,b,b
62,B,b,c,b
63,B,b,c,b
65,B,c,c,c
66,B,a,c,c
68,A,b,a,b
69,B,c,c,c
70,B,b,c,a
78,B,c,b,b
88,B,b,b,b
89,B,a,b,b
90,B,c,c,c
96,B,a,b,b
99,A,b,b,b
100,B,c,b,a
150,A,b,a,a
151,A,b,a,b
153,A,b,b,c
155,B,b,b,b
156,B,b,b,b
157,B,c,c,a
158,B,b,a,a
159,A,b,a,b
166,B,c,b,b
301,B,c,c,c
333,B,b,c,c
338,B,c,c,c
400,B,b,b,b
401,B,c,c,a
402,B,c,c,b
403,B,a,c,a
404,A,c,a,b
407,A,c,b,b
408,A,c,b,b
409,A,b,a,a
410,B,a,a,a
411,A,c,c,c
413,B,c,a,a
415,B,c,b,a
416,A,a,b,b
417,A,c,b,b
419,A,c,b,b
420,A,c,a,c
421,A,c,b,b
422,A,c,a,a
423,B,a,a,a
425,B,c,c,c
426,B,b,a,b
428,A,c,a,a
429,B,b,c,b
430,A,b,a,b
488,B,c,b,a
498,B,c,c,c
501,B,c,c,b
502,A,a,a,a
503,B,a,a,b
504,A,a,c,a
505,A,c,b,b
506,A,b,a,b
507,A,c,b,c
509,A,a,c,a
510,A,a,b,b
513,B,b,c,b
514,A,b,b,a
516,B,b,a,c
517,B,c,c,c
518,B,a,b,a
519,B,b,a,b
520,A,a,b,a
521,A,c,a,a
523,A,b,a,c
524,B,c,c,b
525,A,c,a,b
526,B,b,c,a
528,B,c,b,c
529,A,a,c,c
530,A,c,a,a
531,B,c,b,c
532,A,a,b,a
533,A,b,a,a
534,A,a,b,a
536,A,c,a,a
537,A,c,c,a
538,B,b,c,c
539,B,c,b,b
540,B,c,b,c
541,B,b,b,b
543,B,c,b,c
544,B,b,b,c
545,A,b,a,a
546,B,b,b,b
547,B,a,b,c
548,A,b,b,b
550,B,c,a,b
551,A,b,b,b
552,B,c,b,b
553,A,c,a,b
554,A,a,a,b
555,B,a,b,b
557,A,b,a,a
558,A,a,a,a
559,B,a,b,a
560,B,c,b,b
561,A,b,a,b
563,B,b,b,c
564,B,c,a,a
565,A,a,b,b
566,B,b,a,b
567,A,c,a,c
568,B,a,c,c
570,A,b,a,a
571,A,b,a,a
572,A,c,a,a
573,A,b,b,a
576,A,a,b,a
581,B,b,c,c
582,B,c,b,b
584,A,b,a,b
585,A,a,c,a
586,A,a,a,b
587,A,c,a,a
589,A,c,b,b
590,A,a,b,b
591,B,c,b,b
592,B,b,a,a
593,A,b,b,c
595,A,a,a,a
596,B,a,c,b
597,B,b,b,b
598,B,b,b,c
599,A,c,a,b
600,B,c,b,b
601,B,b,b,b
603,B,a,c,c
605,A,c,a,c
606,A,b,a,a
607,A,b,a,b
608,A,b,a,a
609,A,c,a,c
610,A,a,a,b
611,A,b,a,b
612,B,b,a,a
613,A,a,a,a
615,A,c,b,a
616,A,b,a,a
617,B,c,b,b
619,A,c,a,b
620,B,c,c,a
622,A,a,a,a
623,B,b,b,b
625,B,c,a,b
626,A,b,b,a
627,B,c,b,c
628,A,c,c,c
629,B,b,c,b
630,B,c,b,b
631,B,b,c,a
632,A,c,b,b
633,A,a,a,b
635,A,b,a,a
636,B,a,b,a
637,A,b,c,c
638,A,a,b,a
639,B,b,a,a
650,B,a,c,b
651,B,a,c,c
652,B,c,b,a
655,A,a,b,b
656,B,c,c,c
657,B,b,b,a
659,A,a,c,a
661,B,a,c,c
662,A,a,a,a
663,A,c,a,a
665,B,c,a,b
666,A,c,b,a
667,B,c,a,c
668,A,b,b,a
669,A,c,a,a
671,B,c,c,c
672,B,a,c,c
673,A,a,c,a
676,B,b,b,c
677,A,a,b,a
678,A,b,a,a
679,A,c,a,a
680,A,c,a,a
681,B,a,b,a
682,A,b,b,c
683,B,c,b,a
685,B,b,b,b
686,B,c,b,b
687,A,a,c,a
688,B,a,b,b
690,B,b,b,a
691,A,a,a,c
692,A,c,a,a
695,A,a,b,c
697,B,a,a,a
698,B,c,a,a
700,B,b,b,b
701,A,c,a,c
702,A,a,b,a
703,B,c,c,c
705,A,b,c,c
707,A,c,a,a
708,B,c,c,c
709,B,c,b,b
710,B,a,c,c
711,A,c,a,b
712,B,c,a,a
713,A,b,a,b
715,A,b,c,b
716,A,c,a,a
717,B,b,c,b
718,B,c,c,a
719,A,c,b,b
720,A,b,c,a
721,A,a,a,a
722,A,b,b,a
723,B,a,c,b
725,B,c,a,b
726,A,c,c,c
727,B,c,a,a
728,B,c,b,b
729,B,b,a,b
731,A,b,a,a
732,B,c,a,a
733,B,b,b,a
735,B,a,a,b
736,A,c,c,c
737,A,b,a,b
738,B,a,b,b
739,B,a,c,c
750,B,c,b,b
751,A,b,b,a
752,A,a,a,a
753,A,b,b,b
755,A,c,c,a
756,A,b,c,b
757,A,b,b,c
758,B,c,a,b
759,A,c,a,c
761,B,c,a,b
762,A,a,a,b
766,A,b,a,a
767,B,c,a,b
768,B,b,a,b
776,B,c,b,b
777,A,a,b,b
778,B,c,b,a
779,A,c,c,a
780,A,b,a,a
782,A,b,a,a
783,B,c,b,b
785,A,c,c,c
786,B,a,c,c
788,A,a,b,c
789,B,b,c,c
790,A,a,b,b
791,B,c,b,a
793,B,c,b,a
795,B,a,b,c
796,B,b,b,b
797,B,c,b,c
798,A,a,a,b
799,B,a,c,c
800,B,b,a,b
801,B,b,a,b
802,A,a,a,a
803,A,a,c,a
806,A,b,a,a
807,B,c,b,b
809,A,c,a,a
810,B,a,c,c
811,B,b,c,c
812,A,b,a,c
813,B,a,b,b
815,A,a,a,b
816,A,c,a,a
818,B,a,c,b
819,A,a,b,b
820,A,a,c,a
821,A,b,a,a
822,A,b,b,a
823,B,b,b,b
825,B,c,b,a
826,B,c,a,b
828,B,b,c,b
829,B,c,a,b
830,B,c,c,b
831,B,a,a,c
833,A,c,a,b
835,A,a,c,a
836,A,a,a,a
837,A,c,a,a
838,A,c,a,c
839,B,b,a,a
848,B,a,c,b
850,A,c,b,a
851,B,c,a,b
852,A,b,a,c
856,A,b,a,b
858,B,a,c,c
859,A,a,b,b
860,B,a,c,b
861,B,c,b,a
862,A,c,a,a
863,B,c,b,a
868,A,b,b,a
869,B,b,c,b
875,B,c,a,b
876,B,b,c,c
877,B,b,c,a
878,B,c,b,c
880,A,c,b,b
881,B,c,a,a
882,B,c,a,b
883,B,c,b,c
885,B,b,c,b
886,B,a,a,a
887,B,b,b,c
888,A,b,b,b
889,B,a,a,a
890,A,c,c,a
892,A,b,a,a
893,A,b,a,a
895,B,b,c,c
897,A,c,c,a
898,B,c,a,a
899,A,b,b,a
900,B,c,b,c
901,B,b,b,b
902,B,b,b,b
903,B,c,a,b
905,A,c,b,c
906,A,c,c,c
908,A,b,a,a
909,A,b,b,a
910,B,b,c,c
911,A,c,c,a
912,B,b,b,a
913,B,b,b,b
915,B,a,c,b
917,B,c,a,a
918,B,b,b,b
919,A,b,b,b
920,A,b,b,b
921,B,c,c,c
922,A,b,c,b
923,A,c,b,b
925,A,c,a,c
926,B,c,b,b
927,B,a,c,a
928,B,c,c,c
929,A,b,a,a
930,B,c,b,a
931,B,a,b,b
932,B,c,c,b
933,B,c,b,a
935,B,a,c,c
936,B,b,c,b
937,B,c,b,a
938,B,b,b,c
948,A,b,b,c
949,A,b,b,b
950,B,c,c,c
951,B,b,c,b
952,A,a,b,b
953,A,a,a,a
955,B,a,a,b
957,A,c,a,a
958,B,c,b,c
959,B,c,b,b
960,B,c,b,b
961,B,c,c,c
962,A,a,a,a
963,B,a,c,b
965,A,c,b,a
966,A,c,c,b
967,B,c,b,b
968,B,b,c,b
969,B,b,a,a
970,B,a,b,b
971,A,b,a,a
972,A,a,a,a
973,A,b,a,a
975,B,b,b,b
976,B,b,b,c
977,B,a,b,c
978,A,b,a,a
980,A,c,a,a
981,A,c,a,a
982,B,a,a,a
983,B,c,c,a
985,A,a,b,b
987,B,c,b,c
988,B,a,b,b
989,B,b,b,a
990,B,c,a,b
993,A,b,b,a
996,A,a,a,b
997,B,a,c,b
998,B,b,a,b
999,B,a,c,b
1696,B,b,b,b
1872,B,c,b,c
1896,A,c,a,a
1914,B,b,b,c
1965,A,c,b,b
1979,B,c,b,c
2001,B,a,c,c
2002,B,b,b,c
2003,A,b,c,b
2004,B,c,b,b
2005,A,b,b,a
2006,A,b,a,a
2007,B,a,c,c
2008,B,a,b,a
2009,A,c,a,a
2010,B,b,c,b
2011,A,b,b,a
2012,A,a,b,a
2013,B,b,b,b
2014,B,a,c,b
2015,A,c,c,c
2016,A,b,c,c
2017,B,a,a,c
2019,B,a,c,c
2020,B,b,c,c
2021,A,a,a,a
2022,B,a,c,b
2023,B,b,a,c
2024,B,c,c,c
2025,B,a,c,c
2026,A,b,a,a
2027,B,a,c,a
2028,B,b,b,c
2029,A,c,b,b
2030,B,a,a,a
2031,A,b,b,a
2032,B,a,c,b
2033,A,b,b,b
2034,B,c,b,c
2035,B,a,c,c
2036,B,a,b,c
2037,A,c,b,c
2038,B,a,b,b
2039,A,c,b,a
2040,A,b,b,a
2041,B,a,a,a
2042,B,b,b,a
2043,B,a,c,c
2044,B,a,a,c
2045,A,a,c,a
2046,A,b,a,b
2047,B,b,b,b
2048,B,b,c,b
2049,B,a,b,c
2050,B,a,c,b
2051,B,c,b,a
2052,A,a,a,a
2053,A,c,b,c
2054,A,b,b,b
2055,B,c,a,b
2056,B,a,c,c
2057,A,a,b,c
2058,A,a,a,a
2059,A,b,b,c
2060,A,c,b,c
2061,A,c,c,b
2062,A,c,c,b
2063,B,a,b,b
2064,B,b,c,c
2065,B,a,b,b
2066,A,c,b,b
2067,A,b,b,a
2068,A,c,a,b
2069,A,b,a,a
2071,A,b,c,a
2072,A,a,a,c
2073,A,c,a,a
2074,B,b,a,c
2075,B,b,c,a
2076,A,a,c,a
2077,A,b,a,a
2078,B,b,c,b
2079,B,a,b,b
2080,B,b,c,c
2081,B,b,c,c
2082,A,b,c,c
2083,A,b,c,c
2084,B,b,b,b
2085,B,b,c,b
2086,A,c,a,a
2087,A,c,b,a
2088,A,b,c,b
2089,A,b,b,a
2090,A,b,b,a
2091,B,c,c,b
2092,B,c,a,b
2093,B,a,a,a
2094,A,b,a,a
2095,A,a,b,b
2096,A,b,a,a
2097,B,c,c,b
2098,A,b,a,a
2099,B,a,c,a
2100,B,b,b,c
2101,A,c,a,a
2102,A,b,c,b
2103,A,b,a,a
2104,B,a,b,b
2105,A,a,b,a
2106,B,b,b,b
2107,B,a,c,b
2108,B,b,b,a
2109,A,b,b,a
2110,B,b,c,b
2111,B,b,b,b
2112,A,b,b,b
2113,A,b,a,a
2114,A,b,a,b
2115,A,a,b,b
2116,A,b,b,a
2117,B,a,c,b
2118,B,b,a,b
2119,A,a,c,b
2120,B,a,c,c
2121,A,c,a,a
2122,A,c,a,a
2123,B,a,a,a
2124,B,b,b,c
2125,A,b,b,c
2126,B,b,b,b
2127,B,a,c,c
2128,B,c,c,c
2129,B,b,b,c
2130,B,b,b,b
2131,B,b,b,a
2132,A,b,a,a
2133,A,c,c,c
2134,A,a,a,a
2135,B,c,b,b
2136,A,a,b,a
2137,A,a,b,b
2138,B,a,b,c
2139,A,b,c,c
2140,A,b,b,c
2141,A,b,a,b
2142,B,c,c,c
2144,A,b,b,a
2145,B,b,c,b
2146,B,c,c,b
2147,A,c,a,a
2148,A,a,a,a
2149,A,b,b,c
2150,A,a,c,b
2151,B,a,a,a
2152,B,a,b,b
2153,B,a,b,b
2154,A,b,b,b
2155,B,a,a,a
2156,B,a,a,c
2157,B,b,c,c
2158,B,a,c,b
2159,A,b,b,b
2160,A,c,a,a
2161,B,a,c,c
2162,A,b,b,b
2163,B,b,b,a
2164,A,b,c,b
2165,A,b,b,b
2166,A,a,b,c
2167,A,a,a,a
2168,B,a,a,a
2169,B,b,a,b
2170,A,b,a,b
2171,B,b,b,c
2172,A,c,a,a
2173,A,b,a,a
2174,B,a,a,c
2175,A,a,c,a
2176,A,b,a,a
2177,A,a,b,b
2178,A,a,a,b
2179,B,a,c,c
2180,B,b,c,b
2181,B,a,a,b
2182,B,a,c,c
2183,B,c,a,a
2184,A,b,b,a
2185,B,a,a,c
2186,A,a,b,a
2187,B,b,b,a
2188,A,a,a,a
2189,A,b,b,c
2190,B,a,c,a
2191,B,a,c,b
2192,A,a,a,a
2193,A,c,a,b
2194,B,a,c,c
2195,B,a,b,a
2196,A,b,a,a
2197,A,b,a,c
2198,A,a,a,a
2199,A,a,b,b
2200,A,c,c,b
2201,A,a,a,a
2202,B,c,b,c
2203,B,b,b,c
2204,B,c,a,b
2205,A,c,a,b
2206,A,b,c,c
2207,A,a,c,c
2208,B,c,c,c
2209,A,b,a,a
2210,A,b,c,a
2211,A,a,a,a
2212,B,a,b,b
2213,A,a,a,b
2214,B,a,c,b
2215,A,b,b,b
2216,B,a,b,c
2217,B,c,b,c
2218,A,b,a,a
2219,A,b,a,a
2220,A,c,a,a
2221,B,c,c,b
2222,B,a,c,b
2223,B,a,c,c
2224,A,a,b,b
2225,A,c,b,b
2226,B,c,b,b
2227,A,a,a,c
2228,B,b,b,a
2229,A,a,a,b
2230,B,a,b,c
2231,A,a,b,b
2232,A,a,b,a
2233,B,b,c,b
2234,A,a,c,c
2235,B,a,a,a
2236,B,b,c,b
2237,B,b,b,b
2238,B,a,b,a
2239,B,b,a,a
2240,B,b,a,c
2241,B,a,b,c
2242,B,a,c,b
2243,B,b,b,c
2244,B,c,c,c
2245,A,b,b,a
2246,A,b,b,b
2247,A,b,a,a
2248,A,a,c,a
2249,B,c,a,a
2250,B,a,b,b
2251,B,c,a,c
2252,B,a,b,b
2253,A,a,b,b
2254,B,a,b,c
2255,A,c,a,a
2256,A,b,a,a
2258,B,b,b,c
2259,A,b,a,a
2261,B,a,a,a
2262,B,a,c,b
2263,A,a,a,a
2264,A,b,a,a
2265,A,a,a,b
2266,B,b,b,a
2267,B,b,b,b
2268,B,a,a,a
2269,B,b,a,a
2270,A,b,b,a
2271,B,b,c,c
2272,A,b,b,b
2273,B,a,b,c
2274,A,b,b,b
2275,B,a,c,b
2276,B,b,b,b
2277,B,c,a,b
2278,A,a,b,a
2279,A,a,a,a
2280,A,b,a,a
2281,B,a,b,c
2282,A,b,a,b
2283,B,b,b,b
2284,A,b,a,b
2285,B,b,b,a
2286,B,b,a,a
2287,B,a,c,c
2288,A,b,a,c
2289,A,a,a,a
2290,A,b,a,a
2291,B,a,b,c
2292,B,b,a,a
2293,B,b,c,b
2294,B,a,c,a
2295,A,b,b,a
2296,A,a,b,a
2297,A,a,a,a
2298,B,b,b,c
2299,B,a,c,b
2300,A,b,c,b
2301,B,b,b,b
2302,B,b,b,c
2303,A,b,b,c
2304,B,a,c,b
2305,A,c,a,b
2306,A,a,a,a
2307,B,c,a,c
2308,B,a,a,a
2309,A,c,a,a
2310,B,c,a,b
2311,B,a,c,b
2312,B,b,a,c
2313,B,b,a,b
2314,A,c,b,c
2315,A,b,b,c
2316,A,b,a,a
2317,B,a,b,b
2318,B,b,c,c
2319,A,a,a,a
2320,B,a,b,b
2321,A,c,a,a
2322,A,b,b,b
2323,A,b,a,a
2324,B,b,b,a
2325,A,c,a,a
2326,B,b,b,b
2327,A,b,c,b
2328,A,b,b,b
2329,A,c,a,b
2330,A,a,a,b
2331,A,b,b,c
2332,B,a,c,b
2333,A,a,a,a
2334,A,b,a,a
2335,B,c,b,b
2336,A,c,a,b
2337,A,a,a,b
2338,B,a,b,b
2339,A,b,a,a
2340,B,b,b,b
2341,A,b,a,b
2342,A,b,a,b
2343,A,a,b,a
2344,B,c,b,a
2345,A,b,a,a
2346,A,a,b,c
2347,A,b,a,a
2348,A,a,a,a
2349,A,a,a,a
2350,A,b,b,a
2351,B,a,b,b
2352,B,a,c,c
2353,B,a,c,c
2354,A,c,a,a
2355,A,b,a,a
2356,A,c,c,a
2357,A,b,b,a
2358,A,b,a,a
2360,A,b,c,c
2361,A,b,b,b
2362,A,a,b,b
2363,A,b,a,a
2364,B,a,a,b
2365,A,b,b,a
2366,A,c,a,a
2367,B,b,b,b
2368,B,a,b,c
2369,A,b,a,c
2370,A,a,a,a
2371,B,a,b,c
2372,B,a,c,b
2373,B,a,c,c
2374,A,c,a,b
2375,B,c,b,b
2376,B,b,b,c
2377,A,c,b,a
2378,A,b,a,a
2379,A,a,c,c
2380,A,b,b,c
2381,A,b,c,b
2382,B,b,b,b
2383,B,b,a,a
2384,B,b,b,b
2385,B,b,b,b
2386,A,c,a,a
2387,B,c,a,b
2388,A,a,b,b
2389,B,b,b,b
2390,B,b,b,a
2391,A,b,c,c
2392,A,b,c,b
2393,A,b,b,c
2394,A,b,c,b
2395,A,a,a,b
2396,B,a,c,b
2397,A,b,b,b
2398,B,b,c,c
2399,B,a,c,b
2400,B,b,b,a
2401,A,b,b,c
2402,B,a,c,c
2403,A,b,b,b
2404,A,b,b,a
2405,B,a,a,a
2406,A,b,b,c
2407,B,b,a,b
2408,B,b,b,c
2409,B,a,b,b
2410,B,a,b,b
2411,B,b,a,b
2412,A,a,c,b
2413,B,b,b,b
2414,B,a,b,a
2415,B,a,c,c
2416,B,b,b,a
2417,A,a,c,c
2418,A,b,a,a
2419,B,b,c,b
2420,A,b,c,a
2421,B,b,a,a
2422,B,b,b,b
2423,A,c,b,c
2424,B,b,b,c
2425,B,b,b,b
2426,B,c,a,a
2427,A,b,c,a
2428,B,a,a,b
2429,B,b,c,c
2430,B,b,c,b
2431,B,c,a,a
2432,B,b,a,b
2433,A,c,a,b
2434,B,b,b,b
2435,A,b,a,a
2436,B,a,b,b
2437,B,b,a,a
2438,A,b,b,b
2439,B,a,c,c
2440,B,b,c,b
2441,A,b,b,b
2442,A,b,a,a
2443,A,b,c,a
2444,B,b,c,c
2445,A,b,a,a
2446,A,b,a,a
2447,A,a,a,a
2448,A,b,a,b
2449,B,b,c,b
2451,A,a,b,a
2452,A,b,b,c
2453,A,a,a,a
2454,A,b,b,a
2455,A,b,b,b
2456,B,b,b,b
2457,A,b,b,c
2458,B,a,c,c
2459,B,c,c,c
2460,B,a,b,b
2461,B,b,b,a
2462,A,c,c,c
2463,B,a,c,c
2464,A,a,a,a
2465,B,a,b,c
2466,B,b,a,b
2467,B,a,b,b
2468,B,a,c,c
2469,A,b,b,a
2470,A,c,a,a
2471,A,c,a,a
2472,A,c,a,b
2473,A,a,a,a
2474,A,a,a,b
2475,B,a,c,c
2476,A,a,a,a
2478,A,c,c,b
2479,B,b,b,c
2480,A,c,a,b
2481,B,a,b,c
2482,B,c,a,c
2483,A,b,a,c
2484,B,a,b,b
2485,A,b,b,c
2486,A,a,a,a
2487,A,b,b,c
2488,A,b,a,a
2489,B,a,c,b
2490,A,c,a,a
2491,B,b,a,a
2492,A,a,b,b
2493,B,c,b,c
2494,A,b,a,a
2495,A,a,a,a
2496,A,c,a,a
2497,B,a,b,b
2498,B,a,b,a
2499,A,b,a,a
2500,B,c,b,a
2501,A,b,c,a
2502,A,a,a,a
2503,B,c,b,b
2504,A,c,a,a
2505,B,b,a,a
2506,B,a,a,a
2507,B,a,c,c
2508,B,a,c,c
2509,A,c,a,a
2510,A,b,a,b
2511,B,a,c,c
2512,A,b,b,a
2513,A,b,a,a
2514,A,b,b,a
2515,B,a,a,a
2516,A,b,b,a
2517,B,b,a,a
2518,B,a,c,c
2519,A,b,b,a
2520,A,b,b,b
2521,A,b,b,a
2522,B,a,a,b
2523,A,b,a,b
2524,B,a,c,a
2526,A,b,b,b
2527,A,c,a,a
2528,A,b,a,c
2529,A,b,a,a
2530,B,a,a,a
2531,B,b,c,b
2532,A,a,b,b
2533,A,b,b,b
2534,B,b,c,b
2535,A,c,a,a
2536,A,b,a,b
2537,B,b,a,a
2538,A,b,b,c
2539,A,c,b,a
2540,A,b,b,a
2541,B,c,c,c
2542,A,c,b,b
2543,B,b,c,b
2544,B,b,a,b
2545,B,b,b,b
2546,A,b,b,b
2547,B,b,a,a
2548,B,b,b,b
2549,B,a,b,c
2550,A,a,c,a
2551,B,c,a,c
2552,A,a,b,a
2553,A,a,b,a
2554,A,b,b,b
2555,B,a,c,c
2556,B,c,b,a
2557,B,a,c,b
2558,B,a,b,a
2559,A,b,b,c
2560,A,c,b,b
2561,A,b,c,b
2562,A,b,a,c
2563,B,b,c,b
2564,A,c,b,c
2565,B,a,a,a
2566,A,b,b,a
2567,B,b,b,b
2568,B,a,c,b
2569,A,a,a,a
2570,B,b,a,a
2571,A,b,a,b
2572,B,a,c,b
2573,B,b,b,a
2574,A,b,a,b
2575,A,a,a,c
2576,A,b,b,c
2577,A,a,a,a
2578,A,b,a,a
2579,A,a,c,c
2580,A,b,a,a
2581,B,b,a,a
2582,B,b,b,c
2583,B,b,a,b
2584,A,b,a,c
2585,B,c,a,a
2586,A,c,a,a
2587,A,a,c,b
2588,A,c,a,a
2589,B,c,a,a
2590,A,b,b,b
2591,A,b,b,b
2592,A,b,a,c
2593,A,c,b,b
2594,B,c,a,b
2595,B,a,c,c
2596,B,b,a,a
2597,B,a,c,b
2598,A,b,b,a
2599,A,b,b,b
2600,B,b,c,c
2601,B,b,c,c
2602,B,b,c,c
2603,B,a,b,b
2605,B,a,c,c
2606,A,a,b,b
2607,B,a,c,c
2608,B,c,b,c
2609,B,a,b,b
2610,B,b,a,a
2611,B,b,c,a
2612,A,c,b,a
2613,A,b,a,b
2614,A,b,b,b
2615,A,b,b,c
2616,A,b,c,c
2617,B,b,a,c
2618,A,a,a,b
2619,A,b,a,a
2620,A,c,b,b
2621,B,a,b,b
2622,A,a,a,a
2623,B,a,a,a
2624,B,a,c,b
2625,B,b,a,a
2626,B,a,c,b
2627,A,b,b,b
2628,A,c,a,c
2629,A,a,a,b
2630,A,c,a,a
2631,A,a,b,c
2632,B,a,b,c
2633,A,a,a,a
2634,A,a,b,a
2635,B,b,a,a
2636,B,a,b,c
2637,A,b,c,a
2638,A,b,a,a
2639,A,b,a,b
2640,B,b,a,a
2641,B,b,c,b
2642,A,b,a,a
2643,B,a,c,c
2644,A,a,b,a
2645,A,a,b,a
2646,A,a,a,a
2647,B,a,a,a
2648,B,b,c,c
2649,A,b,b,c
2650,B,b,b,b
2651,A,b,b,b
2652,A,b,a,a
2653,B,a,c,c
2654,A,b,a,b
2655,A,a,b,b
2656,A,b,a,a
2657,A,a,a,a
2658,A,b,b,b
2659,A,b,a,a
2660,A,b,b,a
2661,B,b,b,b
2662,B,b,a,a
2663,A,c,a,a
2664,B,b,c,c
2665,B,b,a,b
2666,A,b,b,b
2667,A,b,a,a
2668,A,c,b,a
2669,A,b,b,c
2670,B,b,a,b
2671,A,b,a,a
2672,B,b,b,b
2673,B,b,b,a
2674,A,b,b,b
2675,B,a,b,b
2676,A,b,a,b
2677,A,a,c,b
2678,B,a,b,b
2679,A,a,a,a
2681,A,b,a,a
2682,A,c,b,b
2683,B,a,b,c
2684,A,c,c,a
2685,B,b,b,c
2686,A,b,a,a
2687,A,b,c,b
2688,B,a,b,b
2689,A,a,a,a
2690,B,a,c,b
2691,A,a,a,b
2692,A,b,a,a
2693,A,a,a,a
2694,A,b,a,b
2695,B,a,b,b
2696,A,c,a,a
2697,B,a,c,b
2698,B,a,c,c
2699,B,b,a,a
2700,A,a,b,b
2701,B,b,c,b
2702,A,b,a,b
2703,A,a,a,a
2705,B,a,c,c
2706,B,a,c,b
2707,B,b,b,b
2708,A,a,a,a
2709,B,a,a,b
2712,A,b,a,b
2713,A,b,a,a
2714,B,a,c,c
2715,A,a,a,a
2716,A,c,c,a
2717,A,c,b,c
2718,A,b,b,c
2719,A,a,a,a
2721,A,c,a,a
2722,A,b,b,b
2723,A,a,b,c
2724,A,b,c,b
2725,A,a,a,a
2726,B,b,c,c
2727,B,b,c,b
2728,A,b,c,b
2729,A,a,b,b
2730,A,a,b,a
2731,A,c,b,b
2732,A,a,c,b
2733,B,a,b,b
2734,B,b,c,c
2735,A,b,b,c
2736,B,c,b,b
2737,B,a,c,b
2738,A,b,b,c
2739,B,b,a,c
2740,A,c,a,c
2741,A,b,a,b
2742,A,c,b,a
2743,A,c,b,b
2745,B,c,b,b
2746,B,b,c,c
2747,B,a,b,b
2748,A,b,a,c
2749,A,a,c,c
2750,A,a,a,b
2751,A,b,b,c
2752,A,b,a,c
2753,A,b,b,c
2755,A,b,c,c
2756,A,b,b,b
2757,A,b,c,c
2758,A,b,b,b
2759,A,b,a,a
2760,A,b,b,c
2761,A,c,c,c
2762,A,b,b,b
2763,A,b,c,b
2765,A,c,a,c
2766,A,c,a,c
2767,A,a,a,b
2768,B,b,c,c
2769,A,c,b,a
2770,A,c,a,b
2771,A,b,b,a
2772,A,c,a,c
2773,B,a,c,b
2774,A,c,a,b
2775,A,c,b,c
2776,A,a,b,b
2777,B,a,c,b
2778,A,a,a,b
2779,A,a,a,b
2780,A,a,a,a
2781,A,b,b,a
2782,B,a,c,b
2783,A,b,b,c
2785,A,a,a,a
2786,A,b,a,b
2787,A,b,b,b
2788,A,c,c,c
2789,A,c,a,c
2790,A,b,c,b
2791,B,b,c,c
2792,A,a,a,b
2793,A,c,c,c
2795,A,a,c,a
2796,A,a,b,c
2797,B,b,b,b
2798,B,b,c,c
2799,A,a,c,c
2800,A,a,b,a
2801,A,a,c,b
2802,A,a,c,a
2803,B,a,c,c
2805,A,a,a,c
2806,A,b,a,c
2807,B,c,b,b
2808,A,a,b,c
2809,A,b,c,c
2810,A,a,c,b
2811,A,b,b,c
2812,B,a,c,c
2813,A,b,a,a
2815,B,a,c,b
2816,A,a,a,a
2817,A,a,b,b
2818,A,b,c,b
2819,A,a,c,b
2820,A,a,b,a
2821,B,a,c,c
2822,B,b,b,c
2823,A,b,b,c
2824,A,b,a,c
2825,A,b,b,c
2826,A,a,b,b
2827,A,a,a,c
2828,A,b,b,c
2829,A,a,a,a
2830,A,b,b,b
2831,B,b,c,c
2832,B,a,c,c
2833,A,a,c,c
2835,A,a,b,b
2836,A,a,b,c
2837,B,a,c,b
2838,B,a,c,b
2839,B,c,b,b
2840,B,a,b,c
2841,B,a,c,c
2842,A,b,b,c
2843,A,a,c,a
2845,A,c,b,c
2846,A,b,c,c
2847,B,b,c,c
2848,A,b,a,a
2849,A,b,c,c
2850,B,a,b,b
2851,B,a,c,c
2852,A,b,b,a
2853,A,c,c,c
2855,A,c,a,b
2856,A,c,a,b
2857,A,b,b,a
2858,A,b,b,c
2859,B,a,b,a
2860,A,b,c,c
2861,A,b,b,a
2862,A,b,a,b
2863,A,c,b,b
2864,A,a,c,c
2865,A,c,a,a
2866,A,b,b,b
2867,B,b,c,b
2868,A,b,b,c
2869,B,b,c,c
2870,A,b,a,a
2871,A,b,b,b
2872,A,c,a,a
2873,A,b,b,b
2875,A,c,b,a
2876,A,a,b,c
2877,A,b,b,c
2878,A,b,c,c
2879,A,b,b,a
2880,B,a,c,b
2881,A,a,a,a
2882,A,c,c,b
2883,A,a,c,c
2884,A,b,c,b
2885,A,b,b,b
2886,A,b,b,c
2887,A,c,c,c
2888,A,a,b,a
2889,A,c,b,c
2890,A,a,a,b
2891,A,a,b,c
2892,A,a,c,b
2893,A,c,b,b
2895,A,c,b,b
2896,A,b,b,b
2897,A,b,a,c
2898,A,b,b,b
2899,A,b,b,a
2900,A,b,c,b
2901,A,b,c,c
2902,A,a,a,b
2903,A,a,a,a
2905,A,c,b,b
2906,A,b,a,b
2907,A,b,c,c
2908,A,a,c,b
2909,A,b,c,c
2910,A,c,a,c
2911,A,b,c,c
2912,B,a,c,a
2913,A,b,c,c
2915,A,c,a,c
2916,B,a,c,c
2917,A,b,b,b
2918,B,b,c,c
2919,A,b,b,b
2920,B,b,b,b
2921,A,b,b,b
2922,A,b,b,b
2923,A,b,c,c
2925,B,a,c,c
2926,B,c,b,c
2927,A,b,b,c
2928,A,c,c,c
2929,A,c,b,c
2930,A,b,b,c
2931,A,b,b,c
2932,A,a,b,b
2933,A,b,b,b
2935,A,a,b,b
2936,B,c,b,b
2937,A,b,c,b
2938,B,c,c,b
2939,B,c,b,c
2940,A,b,c,a
2941,A,c,b,b
2942,A,b,c,c
2943,A,b,a,b
2945,B,b,b,c
2946,A,c,c,c
2947,A,a,c,c
2948,A,c,b,c
2949,A,b,c,c
2950,B,b,c,b
2958,B,c,c,c
600000,B,c,c,b
600004,B,b,b,a
600006,B,c,b,a
600007,B,a,c,b
600008,B,c,b,c
600009,B,a,c,c
600010,B,c,a,a
600011,B,c,a,b
600012,B,c,c,b
600015,B,c,b,c
600016,B,c,c,b
600017,B,c,b,b
600018,B,b,c,a
600019,B,c,b,b
600020,B,c,c,a
600021,B,c,b,c
600022,B,c,a,a
600023,B,c,b,b
600025,B,c,b,a
600026,B,c,a,b
600027,B,c,b,b
600028,B,c,b,b
600029,B,c,a,c
600030,B,c,b,c
600031,B,a,c,c
600033,B,c,c,a
600035,A,c,c,c
600036,B,c,c,b
600037,B,b,b,b
600038,B,b,b,b
600039,B,c,c,c
600048,B,c,c,c
600050,B,c,a,b
600051,A,c,b,c
600052,A,b,c,a
600053,B,a,c,a
600054,A,b,b,b
600055,B,a,b,b
600056,B,c,c,c
600057,B,c,b,c
600058,B,c,a,a
600059,B,a,b,b
600060,B,b,b,a
600061,B,c,b,c
600062,B,b,c,b
600063,B,b,b,b
600064,B,c,c,b
600066,B,b,b,a
600067,B,c,b,b
600068,B,c,c,b
600069,A,b,a,a
600070,B,b,c,c
600071,A,a,a,c
600072,B,b,a,a
600073,B,c,b,c
600075,B,b,a,a
600076,A,b,b,c
600077,A,c,c,c
600078,A,c,b,a
600079,B,b,c,a
600080,A,b,a,b
600081,A,b,c,b
600082,A,b,a,a
600083,A,a,c,a
600084,A,b,a,a
600085,B,a,c,b
600086,A,c,a,a
600088,B,a,b,b
600089,B,c,b,b
600090,A,b,a,b
600091,A,a,a,a
600093,B,b,a,b
600094,B,c,b,a
600095,A,a,a,b
600096,B,c,b,a
600097,A,b,c,b
600098,B,c,b,b
600099,A,a,a,b
600100,B,c,a,a
600101,A,b,b,b
600103,A,b,a,b
600104,B,c,c,b
600105,B,b,a,c
600106,A,b,b,a
600107,A,a,b,a
600108,B,b,a,b
600109,B,b,b,b
600110,B,b,a,a
600111,B,a,b,a
600112,A,b,a,a
600113,A,a,b,c
600114,B,a,c,c
600115,B,c,b,c
600116,B,a,b,a
600117,A,c,a,a
600118,B,a,b,b
600119,A,a,b,a
600120,B,b,b,c
600121,A,c,a,b
600122,A,c,a,a
600123,B,c,b,b
600125,B,b,b,b
600126,B,b,b,b
600127,B,a,a,a
600128,A,c,a,c
600129,B,c,a,b
600130,A,a,a,a
600131,B,b,c,c
600132,B,a,c,b
600133,A,c,b,c
600135,A,b,b,c
600136,A,b,a,a
600137,A,a,a,a
600138,B,c,c,c
600139,A,b,a,a
600141,B,c,b,b
600143,B,b,c,c
600146,A,a,a,a
600148,A,a,b,b
600149,A,a,b,b
600150,B,b,a,a
600151,B,b,a,a
600152,A,b,a,b
600153,B,c,c,c
600155,B,c,a,b
600156,A,a,a,b
600157,B,c,a,a
600158,B,a,b,a
600159,A,c,b,b
600160,B,b,b,b
600161,B,a,c,c
600162,B,c,c,b
600163,A,b,b,c
600165,A,b,a,b
600166,B,c,a,a
600167,B,a,c,b
600168,B,c,b,c
600169,B,c,a,b
600170,B,c,c,c
600171,B,a,b,c
600172,A,c,a,a
600173,A,c,c,c
600175,A,c,a,a
600176,B,b,c,b
600177,B,c,c,b
600178,A,b,a,c
600179,A,c,c,a
600180,B,c,b,b
600182,A,b,c,c
600183,B,a,c,c
600184,B,a,a,b
600185,B,c,b,b
600186,A,a,c,c
600187,A,b,a,a
600188,B,c,c,b
600189,A,c,a,a
600190,B,c,a,b
600191,A,b,a,a
600192,A,c,a,a
600193,A,a,c,c
600195,B,a,b,a
600196,B,b,b,b
600197,B,a,c,c
600198,B,a,a,a
600199,A,b,a,c
600200,B,a,a,a
600201,B,a,b,a
600202,A,b,b,c
600203,A,c,a,a
600206,B,a,a,b
600207,A,a,a,b
600208,B,c,b,b
600209,A,a,a,a
600210,B,b,b,b
600211,B,a,c,b
600212,A,a,a,a
600213,A,c,c,a
600215,A,a,b,a
600216,B,b,b,b
600217,B,a,c,c
600218,A,b,b,c
600219,B,c,b,b
600220,B,b,b,b
600221,B,c,a,b
600222,A,b,a,a
600223,B,c,c,c
600225,A,c,a,a
600226,A,a,a,a
600227,A,b,a,a
600228,A,a,a,a
600229,B,a,c,b
600230,A,b,a,b
600231,B,c,b,a
600232,A,a,b,b
600233,B,a,c,b
600234,A,a,c,c
600235,A,b,a,a
600236,B,b,c,a
600237,A,b,a,a
600238,A,a,a,a
600239,B,c,a,b
600241,A,b,a,a
600242,A,a,a,a
600243,A,b,a,a
600246,B,b,b,a
600247,A,a,c,b
600248,A,c,b,b
600249,A,b,a,b
600250,A,b,b,c
600251,B,b,b,a
600252,B,a,c,b
600255,A,b,a,a
600256,B,c,b,b
600257,A,b,a,a
600258,B,b,c,b
600259,B,a,b,b
600260,B,b,c,a
600261,B,b,c,a
600262,A,b,b,c
600265,A,a,b,a
600266,B,c,b,b
600267,B,b,b,a
600268,B,c,b,a
600269,B,c,b,b
600271,B,a,c,b
600272,A,b,b,b
600273,B,a,c,b
600275,A,a,a,a
600276,B,a,c,c
600277,B,c,b,a
600278,A,b,b,b
600279,A,c,a,c
600280,A,c,a,a
600281,A,a,b,a
600282,B,c,c,b
600283,A,b,b,b
600284,B,c,b,c
600285,B,a,c,b
600287,A,c,c,c
600288,A,a,b,b
600289,A,b,c,a
600290,A,c,a,a
600291,B,c,a,a
600292,A,c,a,b
600293,A,c,a,a
600295,B,c,b,b
600297,B,c,b,b
600298,B,a,c,b
600299,B,a,b,a
600300,B,b,a,b
600301,A,a,a,b
600302,A,b,a,a
600303,A,c,a,a
600305,B,a,c,b
600306,A,b,c,a
600307,B,c,b,a
600308,B,c,b,a
600309,B,b,c,c
600310,A,c,b,b
600311,A,a,a,c
600312,B,c,a,b
600313,A,b,a,a
600315,B,a,b,b
600316,B,b,a,a
600317,B,b,b,a
600318,B,b,b,a
600319,A,a,a,b
600320,B,c,a,b
600321,A,b,a,b
600322,A,c,b,a
600323,B,b,c,c
600325,B,c,b,c
600326,B,b,c,c
600327,A,b,b,c
600328,A,c,c,c
600329,B,b,c,b
600330,B,a,b,c
600331,B,b,a,a
600332,B,b,c,b
600333,A,c,a,a
600335,A,c,b,c
600336,B,b,b,c
600337,B,b,b,a
600338,B,a,c,a
600339,B,c,b,a
600340,B,c,c,b
600343,B,b,a,b
600345,A,a,b,b
600346,B,c,c,c
600348,B,c,b,b
600350,B,c,c,c
600351,A,b,a,a
600352,B,b,c,a
600353,A,a,b,b
600354,A,b,a,a
600355,A,a,a,a
600356,A,b,b,b
600358,A,a,a,a
600359,A,b,a,a
600360,B,b,a,c
600361,A,c,a,a
600362,B,c,b,c
600363,B,b,b,b
600365,A,a,a,a
600366,B,b,a,b
600367,A,b,b,b
600368,A,c,c,b
600369,B,c,b,b
600370,A,b,b,b
600371,B,a,b,b
600372,B,b,b,b
600373,B,b,c,a
600375,A,c,a,a
600376,B,c,c,b
600377,B,b,c,c
600378,B,b,b,b
600379,A,a,b,b
600380,B,b,c,b
600381,A,b,a,a
600382,A,b,b,b
600383,B,c,c,c
600385,A,a,c,c
600386,A,b,b,b
600387,A,b,c,a
600388,B,c,c,c
600389,B,a,c,c
600390,B,c,b,b
600391,B,b,a,a
600392,B,b,a,b
600393,A,c,b,a
600395,B,b,c,b
600396,A,c,a,a
600397,A,c,b,a
600398,B,b,c,a
600399,B,b,b,b
600400,B,a,b,b
600403,B,c,a,b
600405,A,b,a,b
600406,B,b,c,b
600408,A,c,c,b
600409,B,c,b,a
600410,B,b,a,a
600415,B,b,c,c
600416,B,c,a,a
600418,B,c,a,a
600419,A,a,c,b
600420,B,c,b,b
600421,A,a,a,c
600422,B,b,c,b
600423,A,a,a,a
600425,B,b,b,a
600426,B,a,c,a
600428,B,c,a,b
600429,B,c,b,a
600433,A,b,b,a
600435,B,a,b,a
600436,B,a,c,c
600438,B,b,c,c
600439,A,b,b,b
600444,A,a,b,b
600446,B,a,c,c
600448,A,b,a,a
600449,B,b,c,b
600452,B,b,c,b
600455,A,a,b,b
600456,B,a,b,b
600458,B,c,a,b
600459,B,b,b,c
600460,B,a,a,b
600461,B,c,c,c
600462,A,a,c,a
600463,A,b,a,a
600466,B,c,c,c
600467,A,b,a,b
600468,B,a,a,c
600469,A,c,b,b
600470,A,c,a,a
600475,A,c,b,c
600476,A,a,a,a
600477,B,b,c,b
600478,B,b,a,b
600479,A,b,c,b
600480,B,c,a,b
600481,A,a,b,a
600482,B,c,a,a
600483,B,c,b,b
600486,B,a,c,c
600487,B,b,b,c
600488,A,b,b,b
600489,B,b,b,b
600490,B,b,b,c
600491,B,c,c,c
600493,A,b,b,c
600495,A,b,a,b
600496,B,c,b,b
600497,B,b,b,a
600498,B,b,b,b
600499,B,c,b,b
600500,B,c,b,b
600501,A,b,a,b
600502,B,c,b,c
600503,B,b,b,a
600505,A,b,a,c
600506,A,a,a,a
600507,B,b,c,c
600508,B,c,b,b
600509,A,c,a,a
600510,B,c,c,c
600511,B,c,c,c
600512,A,c,c,a
600513,A,a,b,c
600515,B,c,a,a
600516,B,a,c,c
600517,B,b,a,a
600518,B,c,a,a
600519,B,a,c,c
600520,A,a,a,a
600521,B,a,c,b
600522,B,b,b,c
600523,B,a,b,a
600525,B,b,a,a
600526,A,c,b,a
600527,A,a,a,a
600528,B,c,b,c
600529,B,a,c,b
600530,A,a,a,a
600531,B,c,b,b
600532,B,b,b,b
600533,A,c,b,c
600535,B,b,b,a
600536,B,a,b,c
600537,A,b,a,a
600538,A,a,a,a
600539,A,a,a,a
600540,A,b,a,a
600543,A,a,a,b
600545,B,b,c,a
600546,B,c,c,a
600547,B,b,b,c
600548,B,c,b,b
600549,B,b,b,b
600550,B,b,a,a
600551,A,b,b,b
600552,A,b,b,c
600555,A,b,a,a
600556,B,a,c,c
600557,B,a,c,b
600558,A,b,a,b
600559,B,a,c,c
600560,A,b,a,a
600561,A,c,a,a
600562,B,a,a,b
600563,B,a,c,b
600565,B,c,c,c
600566,B,a,c,b
600567,B,c,b,c
600568,A,b,a,a
600569,A,c,a,b
600570,B,a,c,c
600571,A,a,b,a
600572,B,a,a,a
600573,A,b,a,b
600575,B,b,b,b
600576,A,a,a,a
600577,B,b,c,b
600578,B,c,b,b
600579,A,c,a,b
600580,B,b,c,b
600581,B,c,a,b
600582,B,c,b,a
600583,B,b,a,b
600584,B,b,a,a
600585,B,b,c,c
600586,A,c,b,a
600587,B,b,c,a
600588,B,a,c,c
600589,A,b,a,a
600590,B,c,b,a
600592,A,a,b,b
600593,B,a,b,c
600594,B,b,b,a
600595,A,c,b,a
600596,B,b,b,b
600597,B,b,c,a
600598,B,a,c,a
600599,A,a,a,a
600600,B,b,c,b
600601,B,b,a,a
600602,B,a,b,b
600603,A,c,c,c
600604,B,b,b,b
600605,A,a,a,a
600606,B,c,c,b
600608,A,a,a,b
600609,B,b,c,b
600611,B,c,c,b
600612,B,b,c,b
600613,A,b,a,c
600615,A,a,b,b
600616,A,b,a,b
600617,A,c,a,b
600618,B,b,c,c
600619,A,c,b,a
600620,B,a,a,b
600621,B,c,a,c
600622,B,c,b,c
600623,B,c,b,b
600624,B,a,a,a
600626,A,c,b,a
600628,B,b,a,c
600629,A,c,b,c
600630,A,a,a,b
600633,B,b,b,b
600634,A,c,b,b
600635,B,c,b,b
600636,B,a,b,b
600637,B,b,b,c
600638,A,c,a,c
600639,B,c,c,c
600640,B,a,a,b
600641,B,a,b,a
600642,B,c,b,c
600643,B,c,c,b
600644,A,b,b,c
600645,B,a,a,b
600647,A,a,b,b
600648,B,c,c,b
600649,B,c,a,b
600650,A,b,b,b
600651,A,c,c,a
600652,A,b,a,c
600653,A,c,a,a
600654,A,c,c,a
600655,B,c,c,c
600657,B,c,c,a
600658,B,c,b,b
600660,B,b,c,c
600661,A,a,a,a
600662,B,b,b,c
600663,B,c,c,c
600664,B,b,b,b
600665,A,c,c,c
600666,A,c,a,a
600667,B,b,b,b
600668,B,b,c,b
600671,A,a,c,b
600673,B,b,c,c
600674,B,b,b,c
600675,B,c,c,a
600676,B,c,a,a
600678,A,a,c,b
600679,A,a,a,b
600681,B,b,c,b
600682,B,c,c,b
600683,A,c,c,c
600684,A,c,b,c
600685,B,c,a,b
600686,A,c,b,b
600687,A,c,a,a
600688,B,b,b,b
600689,A,a,a,a
600690,B,b,c,c
600691,A,c,a,b
600692,A,b,b,c
600693,A,b,c,b
600694,B,c,c,b
600695,A,a,a,a
600696,A,a,b,b
600697,A,c,c,b
600698,A,a,a,b
600699,B,c,b,a
600702,B,a,c,c
600703,B,a,b,a
600704,B,c,c,b
600705,B,c,c,c
600706,A,b,b,c
600707,B,c,a,b
600708,B,c,b,c
600710,B,c,c,a
600711,B,c,a,c
600712,A,a,a,a
600713,A,c,b,b
600714,A,a,a,a
600715,A,c,a,c
600716,A,c,a,a
600717,B,c,b,b
600718,B,b,a,b
600719,A,b,a,b
600720,B,b,c,b
600721,A,a,a,b
600722,A,a,b,a
600723,B,b,c,b
600724,B,b,c,a
600725,A,a,a,c
600726,A,c,b,a
600727,A,b,c,b
600728,B,a,c,c
600729,B,b,c,b
600730,A,b,a,a
600731,A,b,c,b
600732,B,c,c,c
600733,B,c,a,c
600734,A,b,c,a
600735,A,a,c,b
600736,B,c,b,c
600737,B,b,b,b
600738,A,b,c,a
600739,B,b,b,b
600740,A,c,a,b
600741,B,b,c,b
600742,B,c,b,c
600743,A,c,b,c
600744,A,c,a,b
600745,B,b,b,c
600746,A,b,a,c
600748,B,c,b,b
600749,A,a,a,a
600750,B,a,c,c
600751,B,c,b,a
600753,A,a,c,c
600754,B,b,c,a
600755,B,c,b,c
600756,B,a,a,c
600757,B,b,b,b
600758,A,c,a,b
600759,A,c,a,a
600760,B,c,b,b
600761,B,b,c,b
600763,B,a,c,c
600764,B,b,c,c
600765,B,b,b,c
600766,A,a,c,a
600767,A,a,a,a
600768,A,a,c,a
600769,A,a,b,a
600770,B,b,b,b
600771,B,a,b,c
600773,A,c,b,c
600774,A,a,a,a
600775,B,b,a,a
600776,B,a,b,b
600777,B,c,b,c
600778,A,c,c,a
600779,B,a,c,c
600780,A,c,b,a
600781,A,c,b,b
600782,B,c,c,b
600783,B,a,b,a
600784,A,b,a,c
600785,A,b,b,c
600787,B,b,b,a
600789,B,a,a,b
600790,A,c,b,b
600791,A,c,a,c
600792,A,b,b,b
600793,A,c,a,a
600794,A,a,b,a
600795,B,c,b,c
600796,A,a,b,a
600797,B,a,a,a
600798,A,c,b,a
600800,A,a,a,a
600801,B,b,c,b
600802,A,b,c,a
600803,B,b,c,b
600804,B,c,a,a
600805,A,c,a,a
600807,A,b,c,a
600808,B,c,b,b
600809,B,a,c,c
600810,A,c,c,c
600811,B,c,a,a
600812,B,b,b,b
600814,A,b,c,b
600815,A,b,a,a
600816,B,b,a,a
600817,A,a,b,b
600818,A,a,a,a
600819,A,b,b,a
600820,B,c,b,c
600821,A,a,a,a
600822,A,a,c,a
600823,B,c,b,c
600824,A,b,b,b
600825,B,a,a,b
600826,A,b,b,c
600827,B,c,b,c
600828,A,c,c,a
600829,A,b,c,c
600830,A,b,a,a
600831,A,b,a,b
600833,A,a,b,c
600834,B,b,b,b
600835,B,c,c,b
600836,A,b,a,a
600837,B,c,b,b
600838,A,a,b,b
600839,B,c,a,b
600841,A,c,a,b
600843,A,c,a,b
600844,A,b,a,a
600845,B,a,c,b
600846,B,c,c,a
600847,A,a,a,a
600848,B,b,b,c
600850,B,a,c,b
600851,B,b,a,c
600853,A,c,c,c
600854,A,b,a,a
600855,B,b,b,c
600856,A,c,a,a
600857,A,a,b,c
600858,A,c,b,a
600859,B,c,c,b
600860,A,b,a,a
600861,B,b,a,a
600862,B,a,c,a
600863,B,c,b,b
600864,B,c,a,b
600865,A,b,c,b
600866,A,a,b,c
600867,B,a,c,a
600868,B,a,a,b
600869,B,b,b,a
600870,A,a,c,a
600871,B,c,c,b
600872,B,a,c,a
600873,B,b,c,b
600874,B,c,b,c
600875,B,c,b,a
600876,A,b,b,c
600877,A,a,c,a
600879,B,c,b,c
600880,A,a,a,b
600881,B,c,a,b
600882,B,a,a,a
600883,A,a,a,b
600884,B,b,a,b
600885,B,a,c,c
600886,B,c,c,b
600887,B,a,c,c
600888,A,c,b,c
600889,A,b,a,a
600890,A,a,c,c
600892,A,a,a,a
600893,B,b,a,c
600894,B,b,b,b
600895,B,b,b,c
600896,A,a,a,a
600897,B,a,c,a
600898,A,b,c,a
600900,B,b,c,b
600901,B,c,c,c
600903,B,b,b,b
600908,B,c,c,b
600909,B,c,b,c
600917,B,b,b,b
600919,B,c,b,b
600926,B,c,b,b
600928,B,c,c,c
600929,A,b,b,b
600933,A,b,c,b
600936,B,b,a,b
600939,B,c,b,b
600958,B,c,b,c
600959,B,b,a,b
600960,A,c,a,a
600961,A,b,c,c
600962,A,b,a,c
600963,B,c,b,b
600965,B,a,b,a
600966,B,c,a,b
600967,B,c,b,c
600969,A,c,a,b
600970,B,c,c,b
600971,B,c,c,b
600973,B,c,b,b
600975,B,a,b,b
600976,A,a,b,b
600977,B,a,c,b
600978,A,c,a,a
600979,A,c,b,b
600980,A,a,b,b
600981,A,c,b,a
600982,A,c,b,c
600983,A,c,a,a
600984,B,b,c,c
600985,B,c,c,b
600986,B,b,a,a
600987,B,b,c,b
600988,B,b,b,b
600990,B,b,b,a
600992,A,b,a,b
600993,B,a,c,b
600995,A,a,c,b
600996,B,b,b,c
600997,B,c,c,a
600998,B,c,b,b
600999,B,c,b,c
601000,B,b,b,b
601001,B,c,c,b
601002,A,b,b,a
601003,B,c,c,b
601005,B,b,b,b
601006,B,b,c,b
601007,A,b,b,b
601008,A,c,a,b
601009,B,c,c,b
601010,B,b,b,b
601011,B,b,a,a
601012,B,a,c,c
601015,A,c,a,b
601016,B,c,b,b
601018,B,b,b,a
601019,A,c,c,b
601020,B,b,a,c
601021,B,b,c,b
601028,B,a,a,a
601038,B,c,a,a
601058,B,b,c,c
601066,B,c,c,c
601068,A,c,a,c
601069,B,a,a,a
601086,A,c,b,b
601088,B,c,c,a
601098,B,b,b,b
601099,B,b,b,a
601100,B,a,c,c
601101,A,c,b,c
601106,B,b,a,a
601107,B,c,b,b
601108,B,c,b,b
601111,B,c,b,c
601113,A,c,a,a
601116,B,b,b,b
601117,B,c,b,c
601118,B,b,a,c
601126,B,b,b,b
601127,B,c,a,c
601128,B,c,c,b
601137,B,b,c,c
601138,B,c,c,b
601139,B,b,b,c
601155,B,c,c,c
601158,B,b,b,b
601162,B,c,a,b
601163,B,b,b,b
601166,B,c,c,b
601168,B,c,b,c
601169,B,c,b,b
601177,A,b,a,b
601179,B,c,a,b
601186,B,c,b,c
601188,A,b,b,b
601198,B,c,b,b
601199,A,b,b,b
601200,B,c,b,c
601208,B,b,a,b
601211,B,c,b,c
601212,B,c,a,b
601216,B,b,c,c
601218,A,b,a,b
601222,B,b,b,a
601225,B,b,c,b
601226,A,b,a,c
601228,B,c,b,c
601229,B,c,c,b
601231,B,a,c,b
601233,B,b,c,c
601238,B,c,b,b
601258,B,b,b,a
601288,B,c,c,b
601298,B,c,c,b
601311,B,b,b,b
601318,B,c,c,c
601319,B,c,b,b
601326,A,c,b,a
601328,B,c,b,b
601330,A,c,c,c
601333,B,c,a,b
601336,B,c,c,c
601339,B,c,a,b
601360,B,c,c,c
601366,B,c,b,a
601368,A,c,b,c
601369,B,c,b,c
601375,B,c,a,b
601377,B,c,b,b
601388,A,b,b,a
601390,B,c,c,b
601398,B,c,c,b
601500,B,b,a,c
601515,B,a,c,b
601518,A,c,b,a
601519,B,a,b,b
601555,B,c,b,c
601566,B,b,b,a
601567,B,b,c,a
601577,B,c,c,c
601579,A,b,b,b
601588,B,c,c,b
601595,B,a,b,c
601598,A,c,b,b
601599,A,c,a,a
601600,B,c,a,b
601601,B,c,c,c
601606,A,b,b,b
601607,B,c,c,b
601608,B,b,a,b
601611,B,c,b,c
601615,B,c,b,c
601616,A,b,b,c
601618,B,c,b,b
601619,B,c,b,b
601628,B,c,c,c
601633,B,c,b,b
601636,B,b,c,b
601666,B,c,b,b
601668,B,c,c,b
601669,B,c,b,c
601677,B,b,c,c
601678,B,b,b,b
601688,B,c,b,c
601689,B,a,b,b
601699,B,c,c,c
601700,B,a,a,a
601717,B,c,b,b
601718,B,b,a,a
601727,B,c,b,c
601766,B,c,b,b
601777,B,c,a,a
601788,B,c,b,a
601789,A,c,b,b
601798,A,b,a,b
601799,B,a,c,c
601800,B,c,b,c
601801,B,b,b,b
601808,B,b,b,b
601811,B,b,c,c
601818,B,c,b,b
601828,A,c,c,b
601838,B,c,c,c
601857,B,c,b,c
601858,B,c,b,c
601860,B,c,b,b
601865,B,c,c,c
601866,B,c,b,b
601869,A,c,b,b
601872,B,b,b,b
601877,B,b,c,c
601878,B,c,b,c
601880,B,c,b,a
601881,B,c,b,c
601882,B,a,b,b
601886,B,c,b,b
601888,B,a,c,c
601890,B,a,a,b
601898,B,c,b,b
601899,B,b,c,b
601900,B,b,b,c
601901,B,c,a,a
601908,B,c,a,b
601918,B,c,c,a
601919,B,c,c,c
601928,B,b,b,b
601929,B,c,a,b
601933,B,a,b,c
601939,B,c,c,b
601949,A,c,b,c
601952,B,c,b,c
601958,B,a,b,a
601965,B,a,b,b
601966,B,b,c,b
601968,B,b,b,c
601969,B,b,b,c
601975,B,b,c,b
601985,B,c,b,b
601988,B,c,c,b
601989,B,c,a,a
601990,B,b,b,c
601991,B,c,b,a
601992,B,c,b,b
601996,A,b,b,b
601997,B,c,c,b
601998,B,c,b,b
601999,A,b,b,b
603000,B,a,c,c
603001,A,b,a,a
603002,A,a,b,a
603003,A,c,a,b
603005,B,a,b,b
603006,A,b,b,a
603007,A,b,b,b
603008,A,b,c,b
603009,A,b,a,b
603010,B,a,b,a
603011,A,b,a,b
603012,A,b,c,c
603013,A,c,c,b
603015,A,a,a,b
603016,A,a,b,a
603017,A,b,c,c
603018,B,b,c,c
603019,B,a,c,c
603020,A,b,b,b
603021,A,b,a,c
603022,A,a,b,b
603023,A,a,a,a
603025,B,a,c,b
603026,B,a,c,c
603027,B,a,c,b
603028,A,a,a,a
603029,A,b,a,b
603030,A,c,c,c
603031,A,a,a,b
603032,A,a,a,b
603033,B,b,b,c
603035,A,b,b,c
603036,A,a,b,b
603037,A,a,b,a
603038,A,a,b,c
603039,B,a,c,c
603040,A,b,c,c
603041,A,b,b,b
603042,A,b,a,b
603043,B,b,c,c
603045,A,b,b,b
603050,A,c,b,c
603055,A,c,b,b
603056,A,c,b,b
603058,A,a,c,c
603059,A,b,c,b
603060,B,a,c,c
603063,A,b,a,c
603066,A,a,b,c
603067,A,a,b,b
603069,B,a,b,b
603076,A,c,a,a
603077,B,b,b,b
603078,B,a,b,c
603079,A,b,b,c
603080,A,b,b,c
603081,A,c,c,c
603083,A,b,a,b
603085,A,b,a,a
603086,A,b,c,c
603088,A,a,c,b
603089,A,c,c,a
603090,A,a,b,c
603096,B,a,c,b
603098,A,b,b,c
603099,A,a,b,b
603100,A,b,b,b
603101,A,b,a,a
603103,A,c,c,b
603105,A,b,a,b
603106,A,b,a,c
603108,B,b,c,c
603110,A,b,b,b
603111,B,b,c,a
603113,B,c,c,c
603116,A,b,b,a
603117,A,c,b,a
603118,B,b,b,b
603121,A,a,b,c
603123,B,b,b,a
603126,A,b,b,c
603127,B,a,c,c
603128,B,b,b,c
603129,B,b,c,c
603131,B,b,b,c
603133,A,a,a,c
603136,A,b,c,b
603138,B,a,c,b
603139,A,b,b,b
603156,B,b,c,a
603157,A,c,a,a
603158,A,a,b,c
603159,A,a,b,b
603160,B,a,c,c
603161,A,c,b,b
603165,A,a,c,c
603166,A,b,b,b
603167,A,b,c,b
603168,A,a,a,a
603169,B,c,b,a
603177,A,c,a,b
603178,A,c,a,a
603179,B,c,b,c
603180,A,c,c,c
603181,A,b,c,c
603183,A,b,b,c
603185,A,b,c,c
603186,B,a,c,c
603187,B,b,c,c
603188,A,b,a,a
603189,B,a,a,b
603192,A,c,c,b
603196,A,c,a,a
603197,A,b,c,c
603198,B,a,c,b
603199,A,a,c,b
603200,A,b,b,c
603203,A,a,c,b
603208,B,b,c,c
603214,A,b,c,c
603218,B,c,c,c
603220,A,b,b,b
603222,B,a,b,a
603223,A,b,a,a
603225,B,c,c,c
603226,A,b,c,b
603227,A,b,b,c
603228,B,a,c,c
603229,B,a,b,b
603232,B,a,b,c
603233,B,b,c,c
603238,A,c,b,b
603239,A,a,b,b
603258,B,a,c,c
603259,B,a,c,c
603260,B,b,c,b
603266,A,a,b,b
603268,A,a,b,a
603269,A,b,b,b
603277,A,b,c,c
603278,A,c,b,c
603283,A,b,c,c
603286,A,b,b,c
603288,B,a,c,c
603289,A,b,c,b
603297,A,a,c,b
603298,B,a,c,b
603299,A,b,b,c
603300,A,b,c,a
603301,B,b,c,c
603303,B,c,b,b
603305,B,a,c,b
603306,A,a,b,b
603308,B,b,a,a
603309,A,a,c,b
603311,A,a,b,c
603313,B,a,c,c
603315,A,a,b,c
603316,A,c,a,c
603318,A,a,a,a
603319,A,b,c,c
603320,A,c,b,c
603321,A,b,b,b
603322,A,b,a,b
603323,B,c,b,b
603326,A,b,c,c
603328,B,a,c,a
603329,A,b,a,a
603330,A,b,b,b
603331,A,c,b,c
603332,A,c,c,c
603333,A,a,b,c
603335,A,b,a,b
603336,A,a,b,b
603337,B,a,c,b
603338,B,a,c,c
603339,A,b,b,c
603345,B,a,c,c
603348,A,c,a,c
603351,A,b,c,c
603355,B,a,c,c
603356,A,b,b,c
603357,A,b,c,b
603358,B,c,b,a
603359,A,c,c,c
603360,B,a,c,c
603363,A,b,b,c
603365,A,c,c,b
603366,A,b,a,b
603367,A,b,c,b
603368,B,b,c,c
603369,B,a,c,c
603377,B,a,b,b
603378,A,b,b,c
603380,A,b,c,c
603383,B,a,b,b
603385,B,b,b,b
603386,A,c,a,c
603387,B,a,c,c
603388,A,c,c,b
603389,A,a,a,a
603393,B,b,c,b
603396,A,b,b,b
603398,A,a,b,b
603399,A,a,a,a
603416,A,a,c,c
603421,B,a,b,b
603429,B,a,c,c
603444,B,a,c,b
603456,B,a,b,c
603458,A,c,c,c
603466,A,c,c,b
603477,A,b,b,b
603486,B,b,b,b
603488,A,b,b,b
603496,A,a,b,b
603499,A,b,a,a
603500,A,b,b,b
603501,B,a,b,c
603505,B,a,c,c
603506,A,c,c,c
603507,A,b,a,b
603508,B,a,c,c
603515,B,a,c,b
603516,A,a,c,c
603517,B,a,c,c
603518,A,c,b,b
603519,A,a,c,c
603520,B,a,c,c
603527,A,b,b,b
603528,B,a,b,b
603533,B,a,c,c
603535,A,b,b,b
603536,A,b,a,b
603538,B,b,b,c
603555,A,b,a,a
603556,B,b,b,b
603557,A,b,b,c
603558,A,b,b,b
603559,A,a,a,c
603566,B,a,b,b
603567,B,b,b,b
603568,B,a,c,c
603569,B,b,a,a
603577,A,b,b,c
603578,A,b,b,c
603579,A,a,c,c
603580,A,b,b,b
603583,B,a,c,c
603585,A,b,c,c
603586,A,b,b,a
603587,A,b,c,b
603588,B,b,c,c
603589,B,a,c,b
603590,A,b,b,b
603595,A,b,a,c
603596,B,b,c,c
603598,A,a,a,a
603599,B,b,b,b
603600,A,a,c,b
603601,B,a,c,b
603602,A,a,b,b
603603,A,c,a,b
603605,B,a,c,b
603606,B,a,c,c
603607,A,b,c,c
603608,A,b,b,a
603609,B,b,c,c
603611,B,b,c,c
603612,A,c,b,c
603615,A,c,b,b
603616,A,b,a,b
603617,A,b,c,b
603618,A,b,b,c
603619,A,c,b,c
603626,B,c,a,a
603628,A,b,a,a
603629,A,c,b,b
603630,A,b,a,a
603633,A,a,b,b
603636,B,a,b,c
603637,A,b,b,c
603638,B,a,c,c
603639,A,b,c,b
603648,A,a,b,a
603650,A,b,c,c
603655,A,a,b,b
603656,A,b,b,b
603657,A,b,c,b
603658,B,a,c,c
603659,B,a,c,c
603660,A,a,a,b
603661,A,c,b,c
603663,A,a,c,c
603665,A,b,b,b
603666,A,a,c,c
603667,A,b,b,b
603668,A,b,b,c
603669,B,a,c,a
603676,B,b,b,b
603677,A,c,b,a
603678,B,a,c,c
603679,A,a,c,c
603680,A,c,b,c
603683,A,c,a,c
603685,A,c,c,c
603686,B,b,c,b
603688,B,a,b,c
603689,A,b,c,b
603690,B,a,b,c
603693,A,c,b,b
603696,A,a,b,a
603698,B,a,b,b
603699,B,a,c,a
603700,A,b,c,c
603701,A,a,b,b
603703,A,b,a,b
603706,A,b,b,b
603707,B,a,c,c
603708,B,a,c,c
603709,A,c,b,c
603711,A,c,c,c
603712,B,a,c,c
603713,B,b,c,c
603716,A,b,b,c
603717,A,c,b,b
603718,B,a,a,a
603721,A,a,b,b
603722,A,a,b,b
603725,A,b,a,a
603726,A,a,c,c
603727,A,a,a,c
603728,B,b,b,b
603729,A,a,a,a
603730,B,c,c,b
603733,A,c,c,c
603737,B,a,c,c
603738,A,a,a,a
603739,A,a,b,c
603757,A,b,c,b
603758,A,c,b,b
603766,B,b,b,b
603767,A,c,b,b
603768,A,c,a,c
603773,A,b,a,b
603776,A,b,c,c
603777,B,a,a,b
603778,A,b,a,a
603779,A,b,a,a
603787,A,c,b,a
603788,A,a,b,a
603789,A,a,a,b
603790,A,b,b,b
603797,A,c,c,c
603798,A,a,b,b
603799,B,a,a,c
603800,A,a,c,b
603801,B,b,c,b
603803,B,b,b,b
603806,B,a,c,c
603808,A,a,c,a
603809,A,b,b,b
603810,A,b,a,b
603811,A,a,c,c
603813,A,b,c,b
603816,B,a,c,c
603817,A,c,b,c
603818,A,c,b,b
603819,A,a,c,a
603822,A,b,b,b
603823,A,b,c,c
603825,A,c,c,a
603826,B,a,c,c
603828,A,b,a,a
603829,A,b,b,b
603833,B,b,c,c
603838,A,a,b,b
603839,B,c,c,b
603843,A,c,b,c
603848,A,c,c,c
603855,B,b,c,c
603856,A,c,c,b
603858,B,b,c,b
603859,A,a,b,c
603860,A,b,b,b
603861,A,c,b,c
603866,B,a,c,c
603868,B,a,c,a
603869,B,b,b,b
603871,A,b,c,b
603876,A,c,b,c
603877,B,b,c,b
603878,A,b,c,b
603879,A,a,b,a
603880,A,b,b,b
603881,B,a,b,c
603882,B,a,c,b
603883,B,a,c,c
603885,B,b,b,c
603886,A,a,c,b
603887,B,b,b,c
603888,B,a,b,b
603889,A,b,b,b
603890,A,c,b,c
603895,A,b,a,c
603896,B,a,b,c
603897,A,c,b,c
603898,A,a,c,c
603899,B,a,c,c
603900,A,b,b,a
603901,A,b,b,c
603903,A,c,c,c
603906,B,b,c,b
603908,A,b,b,b
603909,A,a,b,b
603912,A,b,c,c
603916,A,c,c,c
603917,A,b,b,b
603918,A,a,b,c
603919,B,a,c,c
603920,B,b,c,b
603922,A,c,a,a
603926,A,c,b,c
603928,A,a,b,a
603929,A,a,b,b
603933,A,b,a,a
603936,B,a,b,c
603937,A,c,b,c
603938,A,b,b,c
603939,B,a,c,c
603955,A,c,b,c
603956,A,c,b,c
603958,A,b,a,a
603959,A,a,a,b
603960,B,a,c,c
603963,A,a,a,a
603966,A,c,c,c
603968,A,a,c,b
603969,A,b,b,c
603970,A,c,c,b
603976,A,c,b,b
603977,A,b,b,c
603978,A,b,b,b
603979,B,b,b,b
603980,A,c,b,b
603985,B,b,b,b
603986,B,a,c,c
603987,B,b,b,c
603988,A,a,c,b
603989,B,a,c,c
603990,B,a,b,b
603991,A,b,a,a
603993,B,b,b,c
603996,A,b,c,a
603997,A,c,b,c
603998,A,a,b,c
603999,A,a,a,b
