,Stkcd,Size,BM,OP,INV
0,1,E,E,E,D
1,5,C,A,A,E
2,6,D,D,D,C
3,8,E,A,C,E
4,9,E,C,E,D
5,10,A,D,B,E
6,11,A,E,B,C
7,12,D,D,C,B
8,14,A,B,C,A
9,16,C,E,A,A
10,17,A,A,A,A
11,18,B,D,E,E
12,19,B,A,A,A
13,20,A,A,A,B
14,21,E,D,B,B
15,22,C,D,D,B
16,25,D,A,C,E
17,26,A,D,C,D
18,27,E,E,D,E
19,29,D,B,E,A
20,30,D,E,D,C
21,31,E,E,D,D
22,32,B,B,B,A
23,36,D,C,C,E
24,39,E,E,C,D
25,40,C,D,C,E
26,42,C,E,D,E
27,43,C,E,D,C
28,45,C,C,B,B
29,46,E,E,E,E
30,48,D,A,E,A
31,49,C,B,E,A
32,50,E,D,B,E
33,55,C,D,C,D
34,56,A,E,B,B
35,59,D,E,B,A
36,60,E,C,B,C
37,61,E,B,A,D
38,62,E,A,D,E
39,63,E,E,B,C
40,68,D,A,A,E
41,69,E,E,E,D
42,70,C,C,A,E
43,78,D,D,E,D
44,88,D,B,C,D
45,89,E,C,C,A
46,90,C,E,C,E
47,96,C,A,D,C
48,99,C,C,C,C
49,100,E,E,B,D
50,150,D,B,B,E
51,151,B,B,E,A
52,156,E,D,C,E
53,157,E,E,A,B
54,158,D,D,B,E
55,166,E,E,E,E
56,301,B,C,C,C
57,333,E,E,E,C
58,338,E,E,C,A
59,400,D,D,D,D
60,401,D,E,A,A
61,402,E,E,D,D
62,403,C,A,D,C
63,404,B,E,D,C
64,408,A,A,A,B
65,410,D,E,A,C
66,411,B,D,D,D
67,413,E,E,C,E
68,416,B,B,B,E
69,417,C,D,D,B
70,418,E,D,E,D
71,419,B,D,C,B
72,420,A,D,A,A
73,421,A,E,B,E
74,422,C,E,A,C
75,423,E,A,E,D
76,425,E,E,A,A
77,428,B,E,B,B
78,429,A,E,D,A
79,430,A,A,E,D
80,488,D,E,C,E
81,498,A,E,E,B
82,501,D,E,E,C
83,502,A,A,A,E
84,503,E,A,B,B
85,506,C,B,B,B
86,507,B,D,B,B
87,509,A,A,A,A
88,510,B,B,A,A
89,513,D,C,E,C
90,514,C,D,A,A
91,516,D,B,D,E
92,517,D,C,B,D
93,518,C,A,A,B
94,519,C,C,C,B
95,520,D,A,C,B
96,521,A,E,B,B
97,523,B,C,B,D
98,525,C,D,B,A
99,526,B,A,A,E
100,528,C,E,A,A
101,529,B,A,C,B
102,530,A,D,C,E
103,531,C,D,E,C
104,532,C,A,D,C
105,533,C,C,D,C
106,536,D,E,C,A
107,537,B,E,D,E
108,538,E,A,E,D
109,539,D,E,E,B
110,540,E,E,E,D
111,541,D,C,B,E
112,543,D,E,E,B
113,544,B,B,C,B
114,545,A,C,C,D
115,546,A,D,E,C
116,548,A,B,B,C
117,550,D,D,E,C
118,551,A,D,B,B
119,552,C,E,B,E
120,554,A,A,B,A
121,555,D,D,D,D
122,557,A,D,B,E
123,558,D,A,A,A
124,559,E,A,E,C
125,560,A,E,B,E
126,561,C,A,D,D
127,563,E,B,C,E
128,564,B,E,A,D
129,566,D,B,D,D
130,567,B,A,D,A
131,568,E,B,E,B
132,570,A,D,C,B
133,571,B,D,B,C
134,572,D,E,B,C
135,573,B,C,A,A
136,576,C,B,A,E
137,581,E,D,D,C
138,584,C,B,B,A
139,586,A,A,B,B
140,587,D,E,C,E
141,589,B,E,A,D
142,590,B,A,E,B
143,591,A,E,C,E
144,592,D,A,B,E
145,593,A,A,B,B
146,595,A,B,A,D
147,596,E,C,E,C
148,597,B,E,A,B
149,598,E,C,D,D
150,599,B,D,B,D
151,600,D,E,E,B
152,601,D,D,D,B
153,603,D,A,E,D
154,605,A,D,C,B
155,606,B,A,A,A
156,607,C,B,E,D
157,608,B,E,C,A
158,609,A,C,B,C
159,610,A,B,A,E
160,611,A,A,A,A
161,612,C,D,A,A
162,613,A,A,A,A
163,615,A,E,E,E
164,616,C,D,C,B
165,619,A,D,C,A
166,620,E,E,B,E
167,622,A,A,A,A
168,623,E,C,E,E
169,625,E,D,E,D
170,627,D,A,E,D
171,628,A,E,D,C
172,630,E,D,A,A
173,631,D,D,D,B
174,632,B,E,C,D
175,635,A,D,B,B
176,636,C,D,B,D
177,637,A,B,E,B
178,638,C,A,A,B
179,650,D,A,E,D
180,652,C,E,D,D
181,655,B,C,A,A
182,656,D,E,D,D
183,659,C,B,A,A
184,661,E,A,E,D
185,662,C,A,A,A
186,663,A,D,B,E
187,665,C,D,C,B
188,666,B,E,E,D
189,667,D,D,D,C
190,668,A,B,B,A
191,669,C,D,D,A
192,670,B,A,A,A
193,671,E,E,E,E
194,672,B,E,B,D
195,673,B,B,C,E
196,676,B,A,A,A
197,677,B,A,A,A
198,678,A,D,A,B
199,679,B,E,A,A
200,680,B,D,A,A
201,681,B,B,D,E
202,682,B,B,C,B
203,683,C,E,B,B
204,685,D,D,E,E
205,686,E,E,E,E
206,687,D,A,A,B
207,688,D,C,E,D
208,690,D,C,E,B
209,691,A,A,E,A
210,692,A,D,C,C
211,695,A,A,A,B
212,697,D,A,C,C
213,698,A,E,A,D
214,700,C,C,D,D
215,701,B,E,B,E
216,702,A,A,B,A
217,703,D,E,B,A
218,705,B,B,B,C
219,707,A,E,A,C
220,708,B,D,C,B
221,709,E,E,B,B
222,712,E,D,E,D
223,713,A,C,B,B
224,715,A,C,D,A
225,716,A,C,D,D
226,717,C,E,A,A
227,719,C,D,D,C
228,721,B,B,A,B
229,722,C,B,C,A
230,723,A,E,A,E
231,725,E,E,B,C
232,726,C,D,D,B
233,727,C,E,A,E
234,728,E,E,E,E
235,729,E,D,C,A
236,731,B,D,B,C
237,732,E,E,D,E
238,733,D,C,C,D
239,735,C,C,A,C
240,736,A,E,B,D
241,737,A,D,A,B
242,738,E,A,B,C
243,739,C,C,D,C
244,750,E,E,E,E
245,751,C,B,C,C
246,752,B,A,C,B
247,753,A,D,A,A
248,756,A,D,C,C
249,758,E,E,C,D
250,759,B,D,B,A
251,760,B,B,A,A
252,761,E,E,A,A
253,762,D,A,B,A
254,766,D,C,B,E
255,767,C,E,D,C
256,768,E,C,B,C
257,776,E,E,E,E
258,777,D,A,C,B
259,778,E,E,B,A
260,779,A,A,A,B
261,780,B,D,A,B
262,782,A,B,B,A
263,783,E,E,E,E
264,785,B,C,B,A
265,786,D,D,E,B
266,788,C,B,A,A
267,789,A,E,D,B
268,790,B,A,A,A
269,791,C,D,B,B
270,792,E,E,B,D
271,793,E,C,D,D
272,795,B,B,A,C
273,797,C,E,D,D
274,798,A,A,A,A
275,799,B,C,C,C
276,800,E,C,B,A
277,801,D,B,D,E
278,806,D,A,C,D
279,807,D,E,A,D
280,809,A,E,A,B
281,810,C,D,E,E
282,811,B,D,E,E
283,812,B,B,C,C
284,813,B,B,C,A
285,815,C,A,A,A
286,816,C,C,A,A
287,819,D,A,D,C
288,820,B,A,A,B
289,821,C,B,B,E
290,822,B,C,D,A
291,823,B,D,C,A
292,825,E,E,A,A
293,826,E,B,E,E
294,828,D,C,E,E
295,830,C,E,C,C
296,831,D,A,A,A
297,833,A,D,B,E
298,835,B,A,A,E
299,837,B,D,A,B
300,838,C,B,B,E
301,839,E,B,C,A
302,848,D,A,E,E
303,850,B,D,B,D
304,851,C,D,C,B
305,852,C,D,A,E
306,856,A,D,A,A
307,858,E,B,E,C
308,859,A,B,A,B
309,860,D,D,D,B
310,861,D,C,D,C
311,862,A,E,A,A
312,863,D,E,B,D
313,868,B,D,A,D
314,869,E,B,E,D
315,875,C,E,B,C
316,877,C,E,A,A
317,878,E,D,A,A
318,880,A,E,B,A
319,881,C,C,A,A
320,882,C,D,C,B
321,883,E,D,C,D
322,885,C,D,A,B
323,886,C,B,A,A
324,887,E,A,E,E
325,888,C,A,D,C
326,889,B,C,E,D
327,890,B,C,B,A
328,892,B,A,E,E
329,893,B,D,B,A
330,895,E,C,E,B
331,897,C,C,A,A
332,898,E,E,A,A
333,899,B,D,E,B
334,900,C,E,D,C
335,902,D,C,E,E
336,903,C,D,B,C
337,905,B,D,C,B
338,906,B,D,B,C
339,908,C,C,E,E
340,909,B,D,A,A
341,910,D,C,D,A
342,911,C,D,A,D
343,912,A,E,A,A
344,913,C,C,A,A
345,915,C,B,E,C
346,917,E,D,C,D
347,918,D,E,A,A
348,919,C,B,D,C
349,920,C,A,D,C
350,921,D,E,C,C
351,922,B,C,A,A
352,926,C,E,D,E
353,927,C,C,A,A
354,928,B,E,E,D
355,930,D,B,A,A
356,931,B,B,E,C
357,933,D,E,A,B
358,935,A,E,A,D
359,936,C,B,B,C
360,937,E,E,A,A
361,938,D,B,D,E
362,939,C,E,A,E
363,948,B,C,B,B
364,949,B,D,C,C
365,951,C,E,C,B
366,952,B,A,C,B
367,953,A,B,A,A
368,957,D,D,E,E
369,958,B,D,E,E
370,959,B,E,A,C
371,960,D,E,A,D
372,961,E,E,C,D
373,962,B,C,A,A
374,963,E,A,E,D
375,965,C,D,C,D
376,966,C,D,E,A
377,967,B,D,B,E
378,969,D,D,B,C
379,970,E,B,D,B
380,971,C,A,B,E
381,972,B,B,A,D
382,976,B,A,A,C
383,977,E,A,E,D
384,978,B,C,B,A
385,979,D,D,C,C
386,983,E,E,B,C
387,985,A,A,A,A
388,987,C,B,E,A
389,988,E,A,B,C
390,989,C,C,E,E
391,990,B,D,B,D
392,993,A,D,B,A
393,995,A,A,B,C
394,996,B,A,B,B
395,997,E,A,E,D
396,998,E,A,E,D
397,999,E,B,E,C
398,1696,D,C,D,C
399,1896,C,E,E,C
400,2001,E,B,C,C
401,2002,D,E,E,D
402,2003,B,B,E,B
403,2004,D,D,C,E
404,2005,C,E,A,B
405,2007,E,A,E,C
406,2008,E,A,D,B
407,2009,B,D,C,D
408,2010,C,E,B,E
409,2012,A,A,B,B
410,2013,D,E,C,C
411,2014,A,A,D,C
412,2015,A,A,B,A
413,2016,C,C,C,C
414,2017,B,A,C,A
415,2019,D,B,D,E
416,2020,C,B,C,E
417,2021,B,A,A,A
418,2022,C,A,D,E
419,2023,D,B,B,E
420,2024,E,D,A,C
421,2025,D,A,D,C
422,2026,B,B,C,B
423,2027,C,E,E,E
424,2028,C,D,D,C
425,2029,C,D,C,C
426,2030,E,A,C,E
427,2031,C,B,C,C
428,2032,E,B,E,C
429,2033,B,B,D,B
430,2034,A,A,D,A
431,2035,C,B,E,B
432,2036,B,B,D,E
433,2037,B,D,C,C
434,2038,E,A,E,C
435,2039,C,E,E,A
436,2041,D,A,E,C
437,2042,D,D,B,C
438,2043,C,A,D,C
439,2045,B,B,B,C
440,2047,C,D,E,E
441,2050,D,C,E,D
442,2051,E,D,E,C
443,2054,A,C,E,A
444,2055,D,B,B,E
445,2056,D,B,D,C
446,2058,A,A,A,A
447,2060,B,E,C,D
448,2061,A,D,A,A
449,2062,C,E,D,C
450,2063,C,A,C,C
451,2064,C,C,D,D
452,2066,A,C,A,C
453,2067,C,C,A,B
454,2068,B,E,B,A
455,2069,C,C,A,A
456,2070,D,A,A,A
457,2073,C,D,B,B
458,2074,E,D,E,E
459,2075,E,A,A,A
460,2076,A,B,C,E
461,2077,B,D,A,A
462,2078,E,E,D,D
463,2079,C,A,B,B
464,2080,A,C,D,B
465,2081,E,D,E,D
466,2083,B,D,D,B
467,2084,B,B,B,C
468,2085,E,B,E,E
469,2086,B,C,B,E
470,2087,B,E,B,C
471,2088,A,D,B,C
472,2089,C,B,C,E
473,2090,B,B,C,E
474,2091,C,B,E,D
475,2092,D,E,A,D
476,2093,D,A,B,D
477,2094,D,A,E,E
478,2095,D,A,C,B
479,2096,C,B,C,D
480,2097,C,D,A,A
481,2098,A,C,C,C
482,2099,D,B,E,D
483,2100,B,D,D,D
484,2102,C,C,C,C
485,2104,D,A,E,D
486,2105,A,B,A,A
487,2106,C,C,A,A
488,2107,B,A,E,B
489,2108,E,A,E,A
490,2109,A,C,A,A
491,2110,A,E,A,A
492,2111,C,B,D,D
493,2113,B,A,A,A
494,2114,A,D,B,D
495,2115,B,B,B,B
496,2116,C,C,E,C
497,2117,D,A,E,C
498,2118,D,C,B,D
499,2119,A,A,A,A
500,2120,B,B,E,C
501,2121,C,D,B,E
502,2122,C,D,A,B
503,2123,C,C,A,E
504,2124,A,B,D,B
505,2125,A,D,B,E
506,2126,B,C,D,C
507,2128,D,D,C,B
508,2130,C,B,E,E
509,2131,D,C,C,E
510,2132,A,C,B,A
511,2133,B,E,A,B
512,2134,A,A,A,A
513,2135,B,D,B,D
514,2136,A,A,A,A
515,2137,A,A,B,E
516,2138,D,A,D,D
517,2139,B,B,D,E
518,2140,C,C,D,A
519,2141,B,A,A,A
520,2142,E,E,E,D
521,2143,B,B,E,D
522,2144,A,C,D,A
523,2145,C,D,A,D
524,2146,E,E,E,E
525,2147,A,A,A,A
526,2148,A,A,A,A
527,2149,B,C,A,B
528,2150,A,A,E,B
529,2151,C,C,B,E
530,2152,E,A,E,D
531,2153,D,A,C,E
532,2154,B,C,C,B
533,2155,D,C,A,D
534,2156,D,C,B,E
535,2157,D,D,C,E
536,2158,C,B,D,E
537,2159,A,C,C,C
538,2160,A,D,C,E
539,2161,D,A,A,C
540,2162,B,A,B,A
541,2163,B,D,A,A
542,2165,B,B,D,B
543,2166,B,B,D,E
544,2167,B,C,A,A
545,2168,D,A,D,A
546,2169,B,C,D,E
547,2170,C,C,D,D
548,2171,B,B,B,E
549,2172,C,B,C,E
550,2173,A,B,A,B
551,2176,E,B,B,E
552,2177,B,B,B,D
553,2178,B,A,C,E
554,2179,E,B,E,D
555,2180,C,C,E,E
556,2181,D,B,A,A
557,2182,B,D,B,C
558,2183,E,D,C,E
559,2184,A,B,C,D
560,2185,D,C,C,E
561,2186,C,A,D,C
562,2187,B,D,D,B
563,2188,B,B,B,E
564,2189,B,A,B,C
565,2190,D,B,C,E
566,2191,D,A,E,C
567,2192,C,A,B,B
568,2193,A,C,B,B
569,2194,C,B,C,A
570,2195,D,B,D,C
571,2196,A,D,B,E
572,2197,C,B,C,E
573,2198,C,A,C,B
574,2200,A,D,C,D
575,2202,E,D,E,D
576,2203,D,C,D,C
577,2204,C,E,A,A
578,2205,A,C,A,A
579,2206,C,C,D,C
580,2208,C,D,C,D
581,2210,D,E,C,D
582,2211,A,B,A,A
583,2213,A,A,B,A
584,2214,B,A,B,C
585,2215,C,A,E,D
586,2216,B,C,A,C
587,2217,B,E,C,E
588,2218,C,D,B,D
589,2220,B,D,C,C
590,2221,E,D,E,D
591,2222,C,A,C,C
592,2223,E,A,E,E
593,2224,D,A,E,C
594,2225,A,D,B,B
595,2226,C,C,B,D
596,2227,C,A,B,B
597,2229,B,B,B,E
598,2230,E,A,C,E
599,2232,C,A,B,B
600,2233,C,C,D,C
601,2234,C,B,A,A
602,2235,B,A,C,B
603,2236,E,B,E,E
604,2237,D,D,C,B
605,2238,C,B,D,D
606,2239,D,D,C,E
607,2240,B,C,A,A
608,2241,E,B,E,C
609,2242,E,B,E,D
610,2243,B,B,B,A
611,2244,E,E,E,C
612,2245,D,A,D,B
613,2247,C,A,C,C
614,2248,A,C,A,A
615,2249,D,C,D,D
616,2250,C,C,E,C
617,2251,D,E,C,E
618,2252,E,A,E,D
619,2253,C,A,B,E
620,2254,D,A,C,B
621,2255,A,D,C,C
622,2256,D,A,D,E
623,2258,B,B,D,D
624,2259,B,C,B,E
625,2260,C,A,A,D
626,2261,D,B,C,E
627,2262,D,A,E,D
628,2263,C,C,A,D
629,2264,B,D,A,A
630,2265,B,A,A,B
631,2267,D,C,D,B
632,2268,D,A,D,E
633,2269,D,B,A,B
634,2270,A,C,D,E
635,2271,D,C,E,D
636,2272,A,C,A,A
637,2273,D,A,C,E
638,2274,B,D,B,B
639,2275,D,A,E,B
640,2276,E,A,D,C
641,2277,C,D,D,D
642,2278,B,B,B,A
643,2279,A,C,C,E
644,2281,D,B,D,D
645,2282,A,B,B,B
646,2284,D,A,C,B
647,2285,D,B,E,E
648,2287,E,A,E,D
649,2288,C,B,A,B
650,2290,A,B,B,A
651,2292,E,A,E,D
652,2293,D,A,E,C
653,2294,D,B,E,D
654,2295,A,B,B,A
655,2296,B,B,C,C
656,2298,C,D,B,E
657,2299,E,B,A,C
658,2300,B,C,D,C
659,2301,C,B,A,D
660,2302,C,E,D,D
661,2303,D,B,C,C
662,2304,E,B,E,D
663,2305,C,E,C,E
664,2307,B,E,A,D
665,2308,D,A,C,D
666,2309,C,E,D,D
667,2310,E,D,D,E
668,2311,E,B,E,C
669,2312,D,B,A,E
670,2313,C,D,A,B
671,2314,B,E,C,E
672,2315,A,B,D,D
673,2317,C,C,E,E
674,2318,D,B,C,B
675,2320,C,A,C,B
676,2321,B,D,A,D
677,2322,A,D,B,E
678,2323,A,A,E,A
679,2324,B,C,E,D
680,2325,D,C,D,D
681,2326,D,A,D,E
682,2327,B,C,E,B
683,2328,A,D,C,B
684,2329,C,C,C,E
685,2330,B,A,B,C
686,2331,A,B,C,C
687,2332,C,C,C,D
688,2333,B,A,A,A
689,2334,B,B,C,C
690,2335,D,B,D,E
691,2336,A,D,A,A
692,2337,B,B,A,A
693,2338,C,A,B,B
694,2339,B,B,D,D
695,2340,E,D,B,E
696,2341,B,C,A,C
697,2342,B,C,B,A
698,2343,C,B,E,E
699,2344,D,C,D,D
700,2345,D,B,D,B
701,2346,A,D,C,C
702,2347,A,C,A,B
703,2348,B,A,C,B
704,2350,B,B,B,C
705,2351,A,C,C,B
706,2352,C,B,C,A
707,2353,D,C,B,A
708,2354,D,C,C,E
709,2356,C,B,C,C
710,2357,B,C,E,E
711,2358,D,B,D,D
712,2359,D,A,B,A
713,2360,A,B,D,A
714,2361,B,C,C,D
715,2362,B,A,A,B
716,2363,B,B,B,A
717,2364,D,A,D,E
718,2365,A,B,B,B
719,2366,D,C,B,E
720,2367,C,C,E,C
721,2368,D,A,D,E
722,2369,B,C,A,B
723,2370,C,B,C,E
724,2371,D,B,B,C
725,2372,D,A,E,C
726,2374,A,D,C,D
727,2375,D,D,D,B
728,2376,C,B,D,C
729,2377,B,B,C,A
730,2378,D,B,A,B
731,2380,A,A,C,C
732,2381,A,B,D,B
733,2382,B,A,E,A
734,2384,D,C,B,E
735,2385,E,C,D,D
736,2386,B,E,A,A
737,2388,B,A,B,B
738,2390,C,C,C,D
739,2391,A,D,D,D
740,2392,A,D,A,D
741,2393,C,B,C,B
742,2394,B,C,E,B
743,2395,B,A,B,B
744,2396,D,B,D,E
745,2397,A,C,D,B
746,2398,A,C,D,B
747,2399,E,B,C,D
748,2400,E,B,E,E
749,2401,B,A,D,D
750,2402,C,A,D,C
751,2403,B,C,C,B
752,2404,A,C,C,B
753,2405,E,A,C,D
754,2406,A,C,C,B
755,2407,E,A,B,D
756,2408,D,D,B,D
757,2410,D,A,C,A
758,2411,C,E,D,E
759,2412,B,A,D,B
760,2413,D,A,C,E
761,2414,D,A,B,D
762,2415,E,A,E,E
763,2416,E,C,B,D
764,2417,A,A,B,A
765,2418,B,C,B,E
766,2419,D,D,E,D
767,2420,A,D,B,C
768,2421,D,C,C,E
769,2422,D,E,C,C
770,2423,B,C,A,B
771,2424,D,A,E,C
772,2425,B,A,B,E
773,2426,E,C,C,E
774,2427,C,B,C,D
775,2428,D,A,B,C
776,2429,D,C,C,E
777,2430,C,D,C,B
778,2431,D,E,A,D
779,2432,C,A,A,A
780,2433,C,C,C,D
781,2435,A,B,B,B
782,2436,C,C,C,E
783,2437,E,B,E,E
784,2438,A,C,B,E
785,2439,D,A,D,D
786,2440,D,C,D,A
787,2441,B,C,D,B
788,2442,A,D,A,A
789,2443,C,B,C,B
790,2444,E,A,E,B
791,2446,B,B,C,E
792,2448,C,B,D,B
793,2449,B,D,C,D
794,2450,E,A,A,C
795,2451,B,B,B,D
796,2452,A,B,C,D
797,2453,B,B,B,B
798,2454,A,D,E,D
799,2455,A,C,C,A
800,2456,E,C,C,C
801,2457,A,D,B,C
802,2458,C,A,A,A
803,2459,A,B,A,A
804,2460,E,A,C,D
805,2461,C,C,B,B
806,2462,C,C,E,D
807,2463,D,C,A,B
808,2464,D,B,A,E
809,2466,E,A,D,D
810,2467,D,A,B,E
811,2468,D,A,A,A
812,2470,E,B,E,B
813,2471,D,C,C,E
814,2472,B,C,C,E
815,2474,C,A,B,C
816,2475,E,A,E,D
817,2476,B,B,A,C
818,2477,D,D,B,E
819,2478,A,D,C,B
820,2479,C,C,C,D
821,2480,C,C,A,C
822,2481,D,B,C,C
823,2482,D,D,C,D
824,2484,C,A,C,B
825,2486,B,B,A,A
826,2487,B,B,C,D
827,2488,C,B,B,C
828,2489,D,B,E,B
829,2490,A,E,A,A
830,2491,E,A,D,B
831,2493,E,D,B,D
832,2494,A,B,B,C
833,2495,A,B,C,C
834,2496,B,D,C,E
835,2497,B,B,C,B
836,2498,E,A,D,C
837,2499,A,B,B,A
838,2500,E,D,E,E
839,2501,C,D,E,D
840,2502,B,C,C,E
841,2503,D,A,D,D
842,2504,A,D,E,E
843,2505,B,D,A,D
844,2506,D,C,D,E
845,2507,A,B,D,D
846,2508,E,A,E,E
847,2509,C,D,B,E
848,2510,B,C,D,C
849,2511,D,D,C,B
850,2512,C,B,C,E
851,2513,A,D,A,E
852,2514,A,B,B,D
853,2515,B,B,B,E
854,2516,A,E,D,E
855,2517,C,A,E,E
856,2518,D,A,E,D
857,2519,D,B,D,E
858,2520,C,B,B,E
859,2521,B,D,D,B
860,2522,D,A,C,B
861,2523,A,D,C,E
862,2524,A,B,A,A
863,2526,B,C,A,A
864,2527,B,B,C,E
865,2528,B,C,B,C
866,2529,A,A,A,C
867,2530,C,A,C,B
868,2531,D,B,E,E
869,2532,A,B,D,C
870,2533,C,C,C,B
871,2534,C,D,A,B
872,2535,A,E,A,B
873,2536,B,C,B,D
874,2538,B,C,D,D
875,2539,C,D,C,D
876,2540,B,B,D,C
877,2541,A,E,B,A
878,2543,C,D,D,C
879,2545,A,D,B,B
880,2546,C,A,D,C
881,2547,C,B,D,C
882,2548,B,B,C,E
883,2549,B,C,A,B
884,2550,C,B,D,D
885,2551,C,B,D,D
886,2552,A,B,A,E
887,2553,A,A,D,B
888,2554,A,D,D,D
889,2556,C,C,D,B
890,2557,D,B,E,C
891,2558,A,A,A,A
892,2559,B,B,C,D
893,2560,A,C,C,D
894,2561,B,B,E,B
895,2562,A,C,C,E
896,2563,E,B,E,C
897,2564,A,E,A,B
898,2565,B,B,D,B
899,2566,A,D,B,C
900,2568,D,A,E,E
901,2570,D,B,B,C
902,2571,A,C,A,A
903,2572,E,A,E,D
904,2575,C,A,B,A
905,2577,D,A,A,A
906,2578,A,B,B,A
907,2579,B,A,B,D
908,2580,A,C,B,C
909,2581,C,B,D,E
910,2583,D,B,D,D
911,2584,A,C,C,E
912,2585,B,D,B,B
913,2586,C,C,C,D
914,2587,A,A,B,A
915,2588,D,B,E,D
916,2589,D,D,D,E
917,2590,D,A,D,C
918,2592,B,C,C,E
919,2593,A,C,B,B
920,2594,E,E,D,D
921,2595,D,B,E,D
922,2596,C,B,C,E
923,2597,D,B,D,C
924,2598,A,A,C,B
925,2599,A,B,B,D
926,2600,B,E,B,E
927,2601,D,C,C,D
928,2602,D,B,D,D
929,2603,E,B,D,C
930,2604,B,B,B,B
931,2605,B,A,D,B
932,2606,A,B,B,B
933,2607,A,D,A,C
934,2609,B,A,E,C
935,2610,D,D,C,E
936,2613,A,C,B,B
937,2614,A,D,D,D
938,2615,A,A,C,C
939,2616,B,C,C,B
940,2618,D,B,C,C
941,2620,A,C,C,C
942,2621,A,D,C,B
943,2622,C,A,C,A
944,2623,B,B,B,B
945,2624,D,A,E,E
946,2625,D,A,C,C
947,2626,D,A,C,E
948,2627,A,C,C,B
949,2628,B,C,B,A
950,2629,B,A,A,A
951,2634,A,B,C,E
952,2635,D,C,E,D
953,2636,A,C,C,D
954,2637,A,D,B,D
955,2638,D,B,B,B
956,2639,B,C,B,E
957,2640,D,A,D,E
958,2641,C,C,D,D
959,2642,C,B,C,E
960,2643,D,A,D,E
961,2644,C,A,B,D
962,2645,A,B,A,E
963,2646,D,A,D,C
964,2648,C,D,A,A
965,2649,B,B,C,C
966,2650,D,B,D,D
967,2651,A,C,D,C
968,2653,C,B,E,C
969,2655,C,A,B,D
970,2656,B,C,A,E
971,2657,D,A,D,C
972,2658,B,A,E,C
973,2659,C,B,B,D
974,2660,A,C,A,E
975,2661,B,C,C,E
976,2662,D,C,D,E
977,2665,D,B,C,E
978,2666,A,D,C,E
979,2667,A,A,A,A
980,2668,C,B,E,E
981,2669,A,A,E,D
982,2670,A,A,B,A
983,2671,A,C,B,B
984,2672,C,D,D,E
985,2673,E,C,E,E
986,2674,B,C,A,C
987,2675,C,B,C,E
988,2676,D,A,A,A
989,2677,A,A,E,C
990,2678,D,A,D,B
991,2679,A,B,B,D
992,2680,A,E,D,E
993,2681,D,B,D,E
994,2682,A,D,B,E
995,2683,B,D,C,C
996,2684,C,A,A,E
997,2686,B,B,D,D
998,2687,A,A,C,B
999,2688,C,B,D,D
1000,2689,C,A,D,A
1001,2690,C,A,E,D
1002,2692,B,D,D,D
1003,2693,B,A,C,E
1004,2694,C,B,B,A
1005,2695,C,B,C,D
1006,2697,B,C,D,D
1007,2698,D,A,D,B
1008,2699,D,A,D,E
1009,2700,B,A,E,C
1010,2701,D,C,E,E
1011,2702,A,B,A,A
1012,2703,A,C,B,A
1013,2705,A,E,E,C
1014,2706,A,C,E,D
1015,2708,A,C,B,B
1016,2709,D,B,C,E
1017,2711,A,C,E,E
1018,2713,A,D,E,D
1019,2714,D,D,E,E
1020,2715,A,B,A,B
1021,2716,C,E,B,C
1022,2717,B,C,E,E
1023,2718,A,C,E,D
1024,2719,A,D,C,E
1025,2721,B,D,D,E
1026,2722,A,D,C,E
1027,2723,A,D,C,D
1028,2724,A,D,B,B
1029,2725,A,D,C,A
1030,2726,A,D,C,C
1031,2727,B,D,E,E
1032,2728,A,D,D,E
1033,2729,A,B,D,C
1034,2730,A,C,C,C
1035,2731,A,E,C,D
1036,2732,A,B,E,C
1037,2733,A,D,D,D
1038,2734,A,B,D,D
1039,2736,E,E,E,E
1040,2737,B,C,D,B
1041,2738,A,B,D,A
1042,2739,E,B,E,E
1043,2740,A,C,D,E
1044,2742,A,D,D,E
1045,2743,A,E,C,C
1046,2745,A,E,D,E
1047,2747,A,B,B,E
1048,2750,A,B,D,E
1049,600000,E,E,E,D
1050,600004,E,C,E,C
1051,600006,E,D,B,B
1052,600007,E,C,E,B
1053,600008,E,E,C,E
1054,600009,E,C,E,C
1055,600010,E,E,A,E
1056,600011,E,E,E,C
1057,600012,E,C,E,B
1058,600015,E,E,E,C
1059,600016,E,E,E,C
1060,600017,D,D,C,C
1061,600018,E,C,D,B
1062,600020,D,E,D,D
1063,600021,E,E,E,C
1064,600022,E,E,A,C
1065,600023,E,E,E,B
1066,600026,E,E,B,B
1067,600027,E,E,E,C
1068,600028,E,E,C,B
1069,600029,E,E,C,A
1070,600030,E,E,E,D
1071,600031,E,D,B,A
1072,600033,D,E,D,A
1073,600036,E,E,E,D
1074,600037,E,C,B,E
1075,600038,E,D,C,C
1076,600039,D,E,D,C
1077,600048,E,E,E,C
1078,600050,E,E,B,C
1079,600051,A,E,D,C
1080,600052,C,D,A,A
1081,600053,E,A,E,E
1082,600054,A,D,E,D
1083,600055,C,A,B,C
1084,600056,E,D,E,C
1085,600057,D,E,C,D
1086,600058,E,E,A,A
1087,600059,D,B,B,B
1088,600060,E,D,D,B
1089,600061,E,E,E,E
1090,600062,D,C,D,D
1091,600063,C,D,B,B
1092,600064,D,E,D,C
1093,600066,E,C,E,D
1094,600067,D,E,C,B
1095,600068,E,E,E,D
1096,600069,C,D,A,A
1097,600071,C,A,C,B
1098,600072,C,A,B,A
1099,600073,D,C,C,D
1100,600074,D,A,E,E
1101,600075,C,D,B,A
1102,600076,B,C,D,E
1103,600077,C,E,B,B
1104,600078,B,D,B,D
1105,600079,E,D,D,E
1106,600080,A,B,B,B
1107,600081,B,C,E,B
1108,600082,A,C,A,B
1109,600083,B,A,E,A
1110,600084,D,C,A,B
1111,600085,E,A,E,C
1112,600086,D,D,D,E
1113,600088,C,A,B,A
1114,600089,E,E,C,D
1115,600090,B,A,D,C
1116,600091,A,B,B,B
1117,600093,B,E,B,E
1118,600094,E,E,D,E
1119,600095,A,B,B,A
1120,600096,D,E,B,A
1121,600097,A,A,A,A
1122,600098,E,D,D,B
1123,600099,A,A,B,B
1124,600100,E,E,D,D
1125,600101,B,C,C,B
1126,600103,C,B,A,A
1127,600104,E,E,E,D
1128,600105,C,B,D,D
1129,600106,C,D,C,D
1130,600107,C,A,B,B
1131,600108,D,C,B,B
1132,600109,E,D,E,E
1133,600110,D,C,D,A
1134,600111,E,B,B,A
1135,600112,C,B,A,A
1136,600113,B,A,E,A
1137,600114,C,C,D,C
1138,600115,E,E,B,D
1139,600116,C,C,D,D
1140,600117,A,E,A,C
1141,600118,E,A,C,C
1142,600119,C,B,C,C
1143,600121,B,E,A,A
1144,600123,C,E,B,B
1145,600125,D,C,C,C
1146,600126,B,C,A,A
1147,600127,A,B,A,C
1148,600128,A,D,C,A
1149,600129,D,D,E,A
1150,600130,C,A,C,D
1151,600131,B,C,E,B
1152,600132,C,B,A,A
1153,600133,B,E,D,D
1154,600135,C,B,B,E
1155,600136,B,A,D,E
1156,600137,A,A,A,A
1157,600138,D,C,D,C
1158,600141,B,E,B,C
1159,600143,E,C,C,C
1160,600148,A,A,B,A
1161,600149,C,A,A,D
1162,600150,E,D,A,B
1163,600151,D,C,B,D
1164,600152,A,B,A,A
1165,600155,C,A,E,A
1166,600156,B,A,A,C
1167,600157,E,E,B,E
1168,600158,D,A,C,C
1169,600159,B,C,B,A
1170,600160,E,A,B,B
1171,600161,E,A,C,A
1172,600162,B,E,D,D
1173,600163,B,C,B,E
1174,600165,D,B,B,E
1175,600166,E,E,A,D
1176,600167,A,D,E,C
1177,600169,D,E,A,B
1178,600170,E,E,D,D
1179,600171,D,A,B,C
1180,600172,D,C,C,E
1181,600175,C,E,B,B
1182,600176,E,D,D,D
1183,600177,E,E,E,E
1184,600178,B,C,B,D
1185,600179,B,A,E,A
1186,600180,D,C,D,E
1187,600183,D,C,D,C
1188,600184,D,B,B,E
1189,600185,D,E,E,C
1190,600186,C,A,A,A
1191,600187,C,B,A,B
1192,600188,E,E,B,C
1193,600189,A,D,A,D
1194,600190,B,E,B,B
1195,600191,C,A,C,A
1196,600192,B,D,B,C
1197,600193,B,A,E,A
1198,600195,D,B,D,B
1199,600196,E,D,E,C
1200,600197,C,B,E,C
1201,600198,E,D,A,B
1202,600199,C,C,B,B
1203,600201,E,A,E,D
1204,600202,B,B,B,A
1205,600203,A,D,C,D
1206,600206,C,B,B,B
1207,600207,C,B,B,A
1208,600208,E,E,C,D
1209,600210,C,D,B,B
1210,600211,B,A,E,A
1211,600213,A,D,D,D
1212,600215,A,D,B,B
1213,600216,D,C,B,B
1214,600217,B,B,E,D
1215,600218,A,D,B,D
1216,600219,E,E,B,C
1217,600220,C,B,C,C
1218,600221,E,E,C,B
1219,600222,B,C,A,D
1220,600223,B,E,D,C
1221,600225,B,E,A,C
1222,600226,D,A,D,A
1223,600227,C,D,B,B
1224,600228,A,A,A,A
1225,600229,B,B,D,A
1226,600230,A,D,A,A
1227,600231,A,E,A,C
1228,600232,B,B,B,A
1229,600234,A,A,A,B
1230,600235,B,C,A,C
1231,600236,C,E,E,E
1232,600237,B,B,A,D
1233,600238,B,A,A,A
1234,600239,B,E,A,E
1235,600240,E,D,E,D
1236,600241,A,C,A,B
1237,600242,A,B,A,A
1238,600243,A,D,A,E
1239,600246,C,E,A,A
1240,600247,B,A,C,D
1241,600248,A,D,C,B
1242,600249,A,D,A,A
1243,600250,A,B,A,A
1244,600251,C,B,C,B
1245,600252,E,A,D,A
1246,600255,C,C,B,E
1247,600256,E,D,B,C
1248,600257,B,A,A,C
1249,600258,B,C,D,E
1250,600259,D,B,A,A
1251,600260,D,D,C,E
1252,600261,D,B,D,C
1253,600262,B,B,A,A
1254,600265,A,A,E,A
1255,600266,E,E,D,D
1256,600267,D,D,B,C
1257,600268,B,E,B,C
1258,600269,D,E,C,B
1259,600270,E,B,E,C
1260,600272,A,A,C,C
1261,600273,B,E,E,D
1262,600275,B,A,A,B
1263,600276,E,A,E,D
1264,600277,D,D,B,B
1265,600278,D,C,C,B
1266,600279,B,D,B,B
1267,600280,C,E,D,D
1268,600281,A,C,A,A
1269,600282,D,E,A,A
1270,600283,B,D,A,D
1271,600284,C,E,D,A
1272,600285,C,B,D,C
1273,600287,B,C,C,A
1274,600288,B,C,A,A
1275,600289,C,B,C,C
1276,600290,B,D,B,E
1277,600291,C,E,B,E
1278,600292,D,C,C,B
1279,600293,B,C,A,B
1280,600295,B,E,B,B
1281,600297,E,E,D,E
1282,600298,D,B,D,B
1283,600299,C,E,E,B
1284,600300,D,C,B,C
1285,600301,A,A,A,A
1286,600302,A,C,A,B
1287,600303,C,D,A,D
1288,600305,C,A,E,B
1289,600306,A,C,E,A
1290,600307,E,E,A,A
1291,600308,C,E,A,A
1292,600309,E,D,E,D
1293,600310,C,D,E,B
1294,600311,B,A,A,B
1295,600312,D,D,E,D
1296,600313,B,C,B,E
1297,600315,E,A,E,E
1298,600316,D,C,B,C
1299,600317,E,C,C,A
1300,600319,A,C,E,A
1301,600320,D,E,B,B
1302,600322,B,E,B,D
1303,600323,C,D,D,C
1304,600325,D,E,C,E
1305,600326,B,D,D,E
1306,600327,B,D,D,C
1307,600328,B,D,A,A
1308,600329,D,C,D,C
1309,600331,C,E,A,A
1310,600332,E,C,E,C
1311,600333,B,D,A,C
1312,600335,D,E,D,A
1313,600336,B,C,B,A
1314,600337,D,B,D,D
1315,600338,B,B,E,E
1316,600340,E,E,E,E
1317,600343,E,A,B,B
1318,600345,B,B,B,B
1319,600346,B,B,A,A
1320,600348,E,E,B,C
1321,600350,E,D,E,B
1322,600351,C,B,D,E
1323,600352,E,D,E,D
1324,600353,B,A,C,D
1325,600354,A,D,C,A
1326,600355,A,A,A,C
1327,600356,A,C,C,B
1328,600359,A,C,A,C
1329,600360,C,C,B,B
1330,600361,B,E,A,B
1331,600362,E,E,B,A
1332,600363,D,B,C,C
1333,600365,B,A,B,D
1334,600366,D,B,D,D
1335,600367,B,B,A,A
1336,600368,B,E,A,A
1337,600369,E,D,E,D
1338,600370,B,B,B,B
1339,600371,A,A,C,A
1340,600372,E,B,D,C
1341,600373,E,C,D,E
1342,600376,E,E,E,E
1343,600377,E,D,E,D
1344,600378,B,A,C,A
1345,600380,E,C,D,C
1346,600381,A,C,E,E
1347,600382,C,C,C,D
1348,600383,E,D,D,C
1349,600386,C,C,D,D
1350,600387,B,E,A,A
1351,600388,D,C,E,D
1352,600390,C,B,A,C
1353,600391,D,A,B,C
1354,600392,D,A,B,D
1355,600393,A,E,B,E
1356,600395,D,C,B,A
1357,600396,B,E,E,E
1358,600397,B,E,A,D
1359,600398,E,D,E,D
1360,600399,C,D,C,C
1361,600400,D,B,C,D
1362,600401,D,D,B,B
1363,600403,D,D,A,A
1364,600405,B,B,C,D
1365,600406,E,B,E,C
1366,600409,E,E,C,B
1367,600410,D,C,B,B
1368,600415,E,C,D,B
1369,600416,D,E,B,C
1370,600418,D,E,A,E
1371,600419,B,B,C,E
1372,600421,A,A,D,A
1373,600422,D,B,E,E
1374,600423,A,E,A,A
1375,600425,C,E,A,A
1376,600426,D,D,E,A
1377,600428,D,D,B,B
1378,600429,C,D,B,E
1379,600432,C,E,A,A
1380,600433,D,B,B,C
1381,600435,E,A,C,C
1382,600436,E,A,E,C
1383,600438,D,C,E,B
1384,600439,B,C,C,C
1385,600444,A,B,D,E
1386,600446,E,A,E,E
1387,600448,A,D,B,D
1388,600449,B,D,A,A
1389,600456,C,D,A,B
1390,600458,D,D,C,D
1391,600459,C,C,A,D
1392,600460,D,B,A,C
1393,600461,B,D,D,C
1394,600462,A,A,A,A
1395,600463,A,D,B,D
1396,600466,C,E,D,E
1397,600467,C,C,A,C
1398,600468,C,A,B,A
1399,600470,A,D,B,A
1400,600476,B,A,A,A
1401,600477,C,C,C,B
1402,600478,D,A,A,E
1403,600479,B,B,C,D
1404,600480,B,E,D,D
1405,600481,D,B,E,A
1406,600482,E,A,D,B
1407,600483,A,E,E,B
1408,600485,E,B,D,D
1409,600486,D,C,E,C
1410,600487,E,D,E,D
1411,600488,C,B,B,B
1412,600489,E,D,B,D
1413,600491,D,E,D,D
1414,600493,A,A,B,A
1415,600495,C,B,B,A
1416,600496,C,D,C,C
1417,600497,E,E,B,B
1418,600498,E,C,C,D
1419,600499,D,C,E,C
1420,600500,E,E,C,E
1421,600501,C,B,B,D
1422,600503,E,A,B,D
1423,600505,A,C,C,D
1424,600506,A,A,A,B
1425,600507,C,D,C,B
1426,600508,C,E,B,A
1427,600509,C,E,C,D
1428,600510,C,E,C,D
1429,600512,B,D,A,A
1430,600513,A,A,C,E
1431,600515,C,C,D,B
1432,600516,E,B,B,A
1433,600517,D,C,E,E
1434,600518,E,B,E,E
1435,600519,E,A,E,D
1436,600520,A,A,A,B
1437,600521,E,A,D,D
1438,600522,E,D,D,D
1439,600523,B,C,D,B
1440,600525,E,C,D,E
1441,600526,B,D,B,E
1442,600527,B,A,A,A
1443,600528,E,E,B,A
1444,600529,B,C,D,C
1445,600530,C,B,C,A
1446,600531,D,D,A,A
1447,600532,C,B,A,D
1448,600533,B,E,C,A
1449,600535,E,B,E,D
1450,600536,D,B,A,D
1451,600537,D,D,C,D
1452,600539,A,A,A,C
1453,600543,B,B,B,B
1454,600546,C,E,A,C
1455,600547,E,C,C,B
1456,600548,D,E,D,D
1457,600549,E,D,A,A
1458,600550,C,C,E,A
1459,600551,D,C,C,C
1460,600552,C,C,B,E
1461,600555,C,C,A,C
1462,600556,C,A,E,E
1463,600557,C,B,D,B
1464,600558,A,C,B,B
1465,600559,D,B,D,D
1466,600560,A,B,B,A
1467,600561,A,E,A,E
1468,600562,D,A,E,D
1469,600563,D,A,E,C
1470,600565,D,E,D,D
1471,600566,B,C,E,C
1472,600567,C,E,B,B
1473,600568,D,B,B,A
1474,600569,C,E,A,B
1475,600570,E,A,E,D
1476,600571,D,A,D,D
1477,600572,D,C,D,E
1478,600573,A,A,B,B
1479,600575,C,C,C,A
1480,600579,A,B,C,B
1481,600580,C,E,D,E
1482,600581,A,E,E,A
1483,600582,D,E,D,D
1484,600583,E,D,E,B
1485,600585,E,E,D,B
1486,600586,C,D,A,C
1487,600587,D,D,D,D
1488,600588,E,A,B,D
1489,600589,C,C,B,C
1490,600590,C,D,B,D
1491,600592,B,C,B,A
1492,600593,A,A,E,A
1493,600594,D,B,C,B
1494,600595,D,E,A,B
1495,600596,B,D,A,B
1496,600597,E,D,D,D
1497,600598,E,A,D,A
1498,600599,A,A,C,A
1499,600600,E,D,D,C
1500,600601,D,C,B,B
1501,600602,D,B,C,E
1502,600603,A,A,E,A
1503,600604,C,C,C,E
1504,600605,A,B,B,E
1505,600606,E,E,E,E
1506,600608,A,A,A,E
1507,600609,B,E,E,C
1508,600610,B,A,A,C
1509,600611,D,D,C,D
1510,600612,D,C,E,B
1511,600613,C,D,D,D
1512,600615,A,A,B,A
1513,600616,B,B,C,C
1514,600617,A,E,E,D
1515,600618,D,B,A,A
1516,600619,B,E,B,D
1517,600620,C,C,B,E
1518,600621,C,C,C,B
1519,600622,C,D,C,B
1520,600623,D,E,A,E
1521,600624,C,A,C,C
1522,600626,D,B,D,D
1523,600628,C,C,B,A
1524,600629,C,C,E,E
1525,600630,C,A,C,B
1526,600633,E,B,E,C
1527,600635,E,C,D,D
1528,600637,E,C,D,E
1529,600638,C,D,C,A
1530,600639,D,D,C,E
1531,600641,D,C,C,A
1532,600642,E,E,D,D
1533,600643,E,C,D,D
1534,600644,A,D,D,A
1535,600645,D,A,E,D
1536,600647,A,A,E,B
1537,600648,E,D,C,C
1538,600650,D,B,C,E
1539,600651,D,C,D,E
1540,600652,D,A,A,A
1541,600655,E,D,D,D
1542,600657,C,E,D,E
1543,600658,C,C,E,D
1544,600660,E,C,E,E
1545,600661,B,A,B,C
1546,600662,D,B,D,C
1547,600663,E,C,E,D
1548,600664,E,C,D,A
1549,600665,B,E,C,D
1550,600666,E,B,E,E
1551,600667,D,C,C,B
1552,600668,B,C,D,A
1553,600671,A,A,A,A
1554,600673,E,B,B,B
1555,600674,E,C,E,C
1556,600676,C,C,D,B
1557,600677,C,D,B,C
1558,600678,B,A,A,B
1559,600679,A,B,A,E
1560,600680,D,A,A,B
1561,600681,A,A,A,C
1562,600682,E,C,E,D
1563,600683,C,E,E,A
1564,600684,C,E,D,E
1565,600685,E,E,B,E
1566,600686,C,E,E,E
1567,600687,E,D,D,E
1568,600688,E,D,E,A
1569,600689,A,A,B,A
1570,600691,C,E,B,C
1571,600692,A,C,D,D
1572,600693,B,C,B,D
1573,600694,D,D,E,C
1574,600695,A,A,C,E
1575,600696,B,A,A,A
1576,600697,B,E,E,D
1577,600698,A,B,A,B
1578,600701,C,B,A,B
1579,600702,C,B,B,B
1580,600703,E,B,D,D
1581,600704,C,E,D,E
1582,600705,E,E,E,E
1583,600706,A,B,C,B
1584,600707,D,D,A,C
1585,600708,B,E,D,E
1586,600711,D,C,C,E
1587,600712,B,A,B,C
1588,600713,C,E,D,C
1589,600715,D,C,C,E
1590,600716,B,D,A,A
1591,600717,E,E,D,B
1592,600718,E,B,B,D
1593,600719,A,B,B,C
1594,600720,B,E,B,B
1595,600722,B,A,E,A
1596,600723,C,D,E,A
1597,600724,C,E,A,A
1598,600725,A,E,E,A
1599,600726,C,E,A,B
1600,600727,A,B,B,B
1601,600728,D,A,D,D
1602,600729,D,D,D,B
1603,600730,C,A,C,B
1604,600731,A,C,B,C
1605,600733,A,A,A,A
1606,600735,C,A,D,B
1607,600736,D,E,A,A
1608,600737,E,D,B,B
1609,600738,A,C,D,C
1610,600739,E,D,D,D
1611,600741,E,E,E,D
1612,600742,C,D,D,C
1613,600743,D,E,E,C
1614,600744,A,E,C,D
1615,600745,D,C,A,E
1616,600746,A,A,A,A
1617,600747,B,B,A,B
1618,600748,D,E,E,E
1619,600750,D,A,E,A
1620,600751,E,D,B,B
1621,600753,A,A,A,B
1622,600754,E,D,D,E
1623,600755,E,E,E,C
1624,600756,C,A,D,A
1625,600757,D,C,C,D
1626,600758,A,E,A,E
1627,600760,A,C,A,A
1628,600761,C,C,D,B
1629,600763,D,A,E,E
1630,600765,D,D,A,B
1631,600766,A,A,C,A
1632,600767,B,A,A,A
1633,600769,B,A,D,A
1634,600770,D,A,A,B
1635,600774,A,B,B,B
1636,600775,D,C,C,C
1637,600776,C,B,C,B
1638,600777,D,C,A,D
1639,600778,A,E,A,A
1640,600779,C,A,D,C
1641,600780,C,D,D,B
1642,600781,A,A,C,C
1643,600782,C,E,A,A
1644,600783,E,A,D,B
1645,600784,B,D,A,B
1646,600785,B,C,D,C
1647,600787,E,D,A,D
1648,600789,B,C,B,B
1649,600790,C,D,D,A
1650,600791,A,D,D,A
1651,600792,B,D,A,A
1652,600793,A,D,A,B
1653,600794,C,B,B,B
1654,600795,E,E,D,B
1655,600797,D,B,D,A
1656,600798,B,D,B,A
1657,600800,B,A,A,A
1658,600801,C,E,B,A
1659,600802,A,E,A,A
1660,600803,D,E,E,D
1661,600804,E,C,D,D
1662,600805,C,D,B,A
1663,600806,A,B,A,B
1664,600807,C,C,D,E
1665,600808,E,E,A,A
1666,600809,E,B,E,D
1667,600810,A,E,B,B
1668,600811,D,E,D,C
1669,600812,D,D,B,B
1670,600814,A,D,E,B
1671,600815,C,D,A,A
1672,600816,E,B,E,E
1673,600818,C,A,C,D
1674,600819,B,D,A,B
1675,600820,E,E,D,C
1676,600821,B,B,A,A
1677,600823,E,E,E,C
1678,600824,C,A,D,B
1679,600825,D,B,B,A
1680,600826,D,A,E,A
1681,600827,E,E,D,A
1682,600828,B,B,C,D
1683,600829,D,C,E,A
1684,600830,B,C,C,D
1685,600831,D,C,C,C
1686,600833,A,A,C,C
1687,600834,C,A,B,D
1688,600835,E,D,E,B
1689,600836,C,B,C,D
1690,600837,E,E,E,E
1691,600838,B,A,C,E
1692,600839,E,E,A,A
1693,600841,C,C,B,B
1694,600843,B,C,D,D
1695,600844,B,C,A,A
1696,600845,D,B,C,D
1697,600846,C,D,D,D
1698,600848,C,D,D,E
1699,600850,D,B,E,D
1700,600851,D,C,B,A
1701,600853,A,E,B,C
1702,600854,B,C,A,A
1703,600855,D,A,B,B
1704,600856,C,C,D,E
1705,600857,A,A,D,B
1706,600858,B,E,C,A
1707,600859,D,D,E,B
1708,600860,A,C,A,A
1709,600861,B,D,C,B
1710,600862,D,D,C,E
1711,600863,E,E,D,B
1712,600864,C,C,E,A
1713,600865,B,A,D,A
1714,600866,A,B,A,A
1715,600867,E,A,E,D
1716,600868,D,A,A,A
1717,600869,E,D,D,C
1718,600870,B,A,E,A
1719,600871,C,E,B,B
1720,600872,D,B,D,C
1721,600874,D,D,C,A
1722,600875,E,E,B,B
1723,600876,C,A,A,D
1724,600879,E,C,C,C
1725,600880,C,C,B,A
1726,600881,D,E,A,B
1727,600882,B,B,A,A
1728,600883,A,A,E,C
1729,600884,D,D,E,C
1730,600885,E,B,E,C
1731,600886,E,E,E,C
1732,600887,E,B,E,B
1733,600888,B,E,A,B
1734,600889,A,B,E,A
1735,600891,B,D,C,E
1736,600892,A,C,A,E
1737,600893,E,C,C,C
1738,600894,D,C,D,D
1739,600895,E,B,C,B
1740,600897,C,C,E,B
1741,600898,A,A,C,C
1742,600900,E,D,E,A
1743,600917,A,E,D,C
1744,600961,B,D,A,A
1745,600962,B,B,B,A
1746,600963,C,E,A,A
1747,600965,B,A,D,E
1748,600966,B,E,A,A
1749,600967,D,A,A,A
1750,600969,A,E,C,D
1751,600970,D,E,D,C
1752,600971,C,E,A,A
1753,600973,B,E,D,B
1754,600975,B,C,A,D
1755,600976,B,B,D,B
1756,600978,E,C,D,D
1757,600979,B,D,C,B
1758,600980,A,A,C,E
1759,600981,A,E,D,E
1760,600983,C,D,C,C
1761,600984,A,E,B,E
1762,600985,A,B,D,C
1763,600987,D,C,E,B
1764,600988,D,B,D,E
1765,600992,A,C,B,A
1766,600993,D,A,D,C
1767,600995,B,C,B,B
1768,600997,C,E,A,A
1769,600998,E,D,D,E
1770,600999,E,E,E,E
1771,601001,D,E,A,C
1772,601002,C,B,A,B
1773,601003,D,E,A,A
1774,601006,E,D,E,C
1775,601007,B,C,B,B
1776,601008,B,D,B,B
1777,601009,E,E,E,E
1778,601010,D,C,D,B
1779,601011,C,D,B,E
1780,601012,E,B,D,E
1781,601015,A,E,A,A
1782,601016,C,E,B,E
1783,601021,D,D,D,E
1784,601028,C,B,C,A
1785,601038,C,E,B,C
1786,601058,C,D,C,A
1787,601069,B,C,C,C
1788,601088,E,E,D,B
1789,601098,E,B,D,C
1790,601099,E,D,E,E
1791,601100,A,D,B,D
1792,601101,C,E,A,D
1793,601106,E,D,A,A
1794,601107,D,E,D,D
1795,601111,E,E,D,B
1796,601113,C,C,B,C
1797,601116,B,C,C,B
1798,601117,E,E,D,B
1799,601118,E,B,A,B
1800,601126,C,C,C,C
1801,601139,E,C,D,D
1802,601158,E,B,D,A
1803,601166,E,E,E,D
1804,601168,E,E,B,C
1805,601169,E,E,E,D
1806,601177,A,C,A,B
1807,601179,E,D,C,B
1808,601186,E,E,D,C
1809,601188,B,C,D,D
1810,601199,C,B,E,C
1811,601208,B,C,B,C
1812,601216,E,C,C,E
1813,601218,B,C,C,B
1814,601222,E,C,D,E
1815,601225,E,E,A,B
1816,601226,A,E,C,A
1817,601231,E,B,D,C
1818,601233,D,D,B,C
1819,601238,E,C,D,C
1820,601258,E,E,B,A
1821,601288,E,E,E,C
1822,601311,E,B,E,C
1823,601313,B,B,E,B
1824,601318,E,E,E,D
1825,601328,E,E,E,C
1826,601333,E,D,C,B
1827,601336,E,E,E,B
1828,601339,D,D,C,C
1829,601369,D,D,C,B
1830,601377,E,E,E,E
1831,601390,E,E,D,B
1832,601398,E,E,E,C
1833,601515,D,A,E,C
1834,601518,B,D,C,D
1835,601519,E,A,A,A
1836,601555,E,E,E,E
1837,601558,C,E,A,A
1838,601566,D,B,D,B
1839,601567,D,C,E,D
1840,601579,A,C,D,C
1841,601588,D,E,C,D
1842,601599,D,B,C,C
1843,601600,E,E,A,A
1844,601601,E,E,E,C
1845,601607,E,E,D,D
1846,601608,E,D,B,B
1847,601616,C,B,A,A
1848,601618,E,E,D,C
1849,601628,E,E,E,C
1850,601633,E,D,E,D
1851,601636,C,D,B,E
1852,601666,D,E,A,C
1853,601668,E,E,E,D
1854,601669,E,E,D,E
1855,601677,C,D,C,C
1856,601678,C,D,D,B
1857,601688,E,E,E,E
1858,601699,E,E,B,A
1859,601700,C,B,C,A
1860,601718,E,C,A,D
1861,601727,E,E,D,C
1862,601766,E,D,E,E
1863,601777,D,E,C,D
1864,601788,E,E,E,E
1865,601789,C,E,D,D
1866,601798,B,C,B,B
1867,601799,D,B,E,C
1868,601800,E,E,D,D
1869,601801,E,A,D,C
1870,601808,E,E,B,C
1871,601818,E,E,E,D
1872,601857,E,E,C,B
1873,601866,E,D,A,C
1874,601872,E,D,C,C
1875,601877,E,B,E,B
1876,601880,E,E,B,B
1877,601886,D,D,C,C
1878,601888,E,A,E,C
1879,601890,D,A,C,B
1880,601898,E,E,A,C
1881,601899,E,D,C,C
1882,601901,E,E,E,E
1883,601908,D,C,B,E
1884,601918,D,D,A,C
1885,601919,E,E,A,B
1886,601928,E,B,D,C
1887,601929,D,C,C,B
1888,601933,E,C,C,D
1889,601939,E,E,E,C
1890,601958,E,C,A,B
1891,601965,D,C,D,C
1892,601969,D,B,A,A
1893,601988,E,E,E,C
1894,601989,E,D,A,B
1895,601991,E,E,C,B
1896,601992,E,E,C,C
1897,601998,E,E,E,D
1898,601999,B,B,B,B
1899,603000,E,A,D,B
1900,603001,C,B,D,D
1901,603002,B,A,C,A
1902,603003,A,C,A,E
1903,603005,A,B,C,A
1904,603006,A,B,E,D
1905,603008,B,C,E,E
1906,603009,A,D,D,D
1907,603011,A,B,B,A
1908,603012,B,E,C,E
1909,603017,A,D,D,E
1910,603018,A,D,D,D
1911,603019,D,A,D,E
1912,603020,B,D,D,E
1913,603077,E,C,B,D
1914,603088,A,C,C,A
1915,603099,A,B,E,C
1916,603100,A,D,C,C
1917,603111,B,C,E,E
1918,603123,A,D,C,B
1919,603126,A,D,C,A
1920,603128,C,B,D,B
1921,603166,A,E,B,D
1922,603167,B,C,C,B
1923,603168,B,A,E,E
1924,603169,B,D,E,D
1925,603188,C,C,E,D
1926,603199,A,D,D,C
1927,603222,A,C,C,E
1928,603288,D,D,E,B
1929,603306,A,C,E,C
1930,603308,B,C,B,C
1931,603328,A,E,D,C
1932,603333,A,B,A,B
1933,603366,C,C,C,C
1934,603368,B,D,E,D
1935,603369,D,C,E,D
1936,603399,B,C,A,D
1937,603456,A,C,D,E
1938,603518,A,D,D,C
1939,603555,A,E,E,D
1940,603558,A,B,E,E
1941,603588,C,B,C,C
1942,603600,A,B,E,E
1943,603601,A,A,D,E
1944,603606,A,D,C,C
1945,603609,C,C,D,C
1946,603611,A,B,E,E
1947,603636,A,B,C,C
1948,603678,B,A,E,E
1949,603686,A,C,E,E
1950,603688,A,C,C,A
1951,603698,A,E,E,E
1952,603699,A,D,E,A
1953,603766,E,B,E,E
1954,603788,A,C,E,E
1955,603799,D,E,A,D
1956,603806,B,D,E,C
1957,603899,B,C,E,E
1958,603969,A,D,D,D
1959,603988,A,B,C,B
1960,603993,E,C,C,C
1961,603997,A,D,E,E
1962,603998,B,A,D,D
